case_id,set_id,param,sex,age,height_m,weight_kg,measured_kpa,pred_kpa,lln_kpa,uln_kpa,pred_native,units_native,z
A1,berger2021,R5,M,35,1.78,80,0.45,0.2780216539,0.1854860454,0.4167215915,2.835031881,cmH2O,1.957275862
A1,berger2021,R10,M,35,1.78,80,0.38,0.2658591839,0.1785162056,0.3959366345,2.711009201,cmH2O,1.475319958
A1,berger2021,R15,M,35,1.78,80,0.35,0.2612562945,0.1780068614,0.3834394409,2.664072793,cmH2O,1.25377833
A1,berger2021,R20,M,35,1.78,80,0.33,0.2738287431,0.1897424992,0.3951786281,2.792276089,cmH2O,0.8367254205
A1,berger2021,R5_R15,M,35,1.78,80,0.08,0.01698005718,-0.01427935527,0.05990177023,0.1731483961,cmH2O,2.266370159
A1,berger2021,R5_R20,M,35,1.78,80,0.12,0.003520648793,-0.03424189726,0.06362583112,0.03590062654,cmH2O,2.703627887
A1,berger2021,X5,M,35,1.78,80,-0.2,-0.08939623804,-0.1886476131,0.05823404619,-0.9115879331,cmH2O,-1.882674616
A1,berger2021,X10,M,35,1.78,80,-0.02,0.0004463053367,-0.07075805158,0.08742028931,0.004551047878,cmH2O,-0.4396586231
A1,berger2021,AX,M,35,1.78,80,1.5,0.1455264126,0.04695608626,0.4510157991,1.483956423,cmH2O,3.392633186
A1,berger2021,Fres,M,35,1.78,80,15,9.72485767,6.429374653,14.70949537,9.72485767,Hz,1.722744319
A1,oostveen2013,R5,M,35,1.78,80,0.45,0.2481070202,0.1564547273,0.3934498784,2.481070202,hPa,2.12410773
A1,oostveen2013,R10,M,35,1.78,80,0.38,0.2386982462,0.1519396171,0.374996685,2.386982462,hPa,1.693266813
A1,oostveen2013,R20,M,35,1.78,80,0.33,0.2430701746,0.1574958622,0.3751407114,2.430701746,hPa,1.158993436
A1,oostveen2013,X5,M,35,1.78,80,-0.2,-0.08727575067,-0.149267837,-0.03228028511,-0.8727575067,hPa,-2.858509193
A1,oostveen2013,X10,M,35,1.78,80,-0.02,-0.00699063933,-0.05516053732,0.03608141101,-0.0699063933,hPa,-0.4627136072
A1,oostveen2013,AX,M,35,1.78,80,1.5,0.174567273,0.05282862511,0.5768413004,1.74567273,hPa,2.960239748
A1,oostveen2013,Fres,M,35,1.78,80,15,10.71966602,7.107559955,16.16746679,10.71966602,Hz,1.34495677
A1,gochicoa2023,R5,M,35,1.78,80,0.45,0.227308214,0.108210214,0.346406214,0.227308214,kPa,3.075853398
A1,gochicoa2023,R10,M,35,1.78,80,0.38,0.2087860765,0.1054332104,0.3121389425,0.2087860765,kPa,2.725100086
A1,gochicoa2023,R15,M,35,1.78,80,0.35,0.1938848155,0.09471760262,0.2930520284,0.1938848155,kPa,2.589661149
A1,gochicoa2023,R20,M,35,1.78,80,0.33,0.2018668206,0.1087598206,0.2949738206,0.2018668206,kPa,2.263837092
A1,gochicoa2023,R5_R20,M,35,1.78,80,0.12,0.02248416404,-0.03476183596,0.07973016404,0.02248416404,kPa,2.802179194
A1,gochicoa2023,X5,M,35,1.78,80,-0.2,-0.07359034394,-0.1407063439,-0.006474343945,-0.07359034394,kPa,-3.098275884
A1,gochicoa2023,X10,M,35,1.78,80,-0.02,-0.02029784854,-0.07205520734,0.03145951026,-0.02029784854,kPa,0.009466496197
A1,gochicoa2023,X15,M,35,1.78,80,0.03,0.01097402367,-0.04278852433,0.06473657167,0.01097402367,kPa,0.5821474655
A1,gochicoa2023,X20,M,35,1.78,80,0.06,0.04804546573,-0.00804903427,0.1041399657,0.04804546573,kPa,0.3505728525
A1,gochicoa2023,AX,M,35,1.78,80,1.5,0.3222997776,0.1160402483,0.8951820441,0.3222997776,kPa,2.476229128
A1,gochicoa2023,Fres,M,35,1.78,80,15,14.4699366,8.070886604,20.8689866,14.4699366,Hz,0.1362630838
A1,valach2026,R5,M,35,1.78,80,0.45,0.2465372452,0.1662387958,0.3892325428,2.513980261,cmH2O,2.115314513
A1,valach2026,R5_insp,M,35,1.78,80,0.45,0.2300683048,0.1594083019,0.3379091627,2.346043805,cmH2O,2.820919557
A1,valach2026,R5_exp,M,35,1.78,80,0.45,0.2584017716,0.1688397117,0.4364288574,2.634964759,cmH2O,1.729877263
A1,valach2026,X5,M,35,1.78,80,-0.2,-0.07431722449,-0.1410499305,-0.04050257944,-0.7578247872,cmH2O,-2.374971731
A1,valach2026,X5_insp,M,35,1.78,80,-0.2,-0.08047569859,-0.1349990386,-0.04717787979,-0.8206237461,cmH2O,-2.793874919
A1,valach2026,X5_exp,M,35,1.78,80,-0.2,-0.06674480398,-0.1330556223,-0.03112911394,-0.6806075875,cmH2O,-2.525491271
A1,valach2026,Z5,M,35,1.78,80,0.5,0.258608741,0.1766491362,0.4055506222,2.63707526,cmH2O,2.315153756
A1,valach2026,Z5_insp,M,35,1.78,80,0.5,0.2452688498,0.1746132595,0.3537827587,2.501046227,cmH2O,3.084777135
A1,valach2026,Z5_exp,M,35,1.78,80,0.5,0.2683725439,0.1762285369,0.4538692646,2.736638341,cmH2O,1.905979668
A1,valach2026,R5_R19,M,35,1.78,80,0.1,0.008262193718,-0.02309346219,0.06496693268,0.08425092889,cmH2O,2.281099158
A1,valach2026,R5_R19_insp,M,35,1.78,80,0.1,0.003097886637,-0.02737888327,0.04104213532,0.03158965229,cmH2O,3.697622655
A1,valach2026,R5_R19_exp,M,35,1.78,80,0.1,0.01050801061,-0.02338331754,0.08918605846,0.1071518879,cmH2O,1.776017367
A1,valach2026,AX,M,35,1.78,80,1.5,0.2206487462,0.07450777641,0.6793791847,2.249991039,cmH2O,2.528693717
A1,valach2026,AX_insp,M,35,1.78,80,1.5,0.2098192301,0.08475002312,0.47046761,2.139560707,cmH2O,3.837954623
A1,valach2026,Fres,M,35,1.78,80,15,11.07008241,8.256450837,16.98833552,11.07008241,Hz,1.243526422
A1,valach2026,Fres_insp,M,35,1.78,80,15,10.29905137,8.211997254,13.86540855,10.29905137,Hz,1.998752207
A1,valach2026,Fres_exp,M,35,1.78,80,15,11.68398156,8.146168135,19.77397371,11.68398156,Hz,0.8771582975
A1,valach2026,R11,M,35,1.78,80,0.414,0.2389542111,0.165441359,0.3649185328,2.436654832,cmH2O,2.089015506
A1,valach2026,R11_insp,M,35,1.78,80,0.414,0.2156739388,0.1548028531,0.3171926352,2.199262121,cmH2O,2.634189631
A1,valach2026,R11_exp,M,35,1.78,80,0.414,0.2539980254,0.1706548519,0.4075119539,2.590059045,cmH2O,1.694795375
A1,valach2026,X11,M,35,1.78,80,-0.08,0.002642994595,-0.05239067357,0.04331551426,0.02695104439,cmH2O,-2.307994081
A1,valach2026,X11_insp,M,35,1.78,80,-0.08,0.01204919342,-0.02577711264,0.04856502555,0.1228675788,cmH2O,-3.921051264
A1,valach2026,X11_exp,M,35,1.78,80,-0.08,-0.003835393593,-0.07690894225,0.04069333818,-0.0391101303,cmH2O,-1.6975025
A1,valach2026,R19,M,35,1.78,80,0.366,0.2391088884,0.1717409169,0.3522317827,2.438232102,cmH2O,1.793115971
A1,valach2026,R19_insp,M,35,1.78,80,0.366,0.2275994028,0.1647105723,0.3282217868,2.320868011,cmH2O,2.094074893
A1,valach2026,R19_exp,M,35,1.78,80,0.366,0.246905858,0.1747469884,0.3775217873,2.517739065,cmH2O,1.537178172
A1,valach2026,X19,M,35,1.78,80,0.08,0.07658644158,0.0137352429,0.1373999339,0.7809643617,cmH2O,0.09078689492
A1,valach2026,X19_insp,M,35,1.78,80,0.08,0.09183309359,0.03648294787,0.1464951628,0.9364369442,cmH2O,-0.3532327487
A1,valach2026,X19_exp,M,35,1.78,80,0.08,0.06642323582,-0.009020585161,0.1329462428,0.6773285049,cmH2O,0.3180991296
A2,berger2021,R5,F,62,1.63,72,0.45,0.400681071,0.2671046093,0.6010578443,4.085809843,cmH2O,0.4708819003
A2,berger2021,R10,F,62,1.63,72,0.38,0.3720279999,0.248346642,0.5573050299,3.793629832,cmH2O,0.08629979115
A2,berger2021,R15,F,62,1.63,72,0.35,0.3675494113,0.2484232419,0.5438000435,3.747960938,cmH2O,-0.205453356
A2,berger2021,R20,F,62,1.63,72,0.33,0.3855694655,0.2643766584,0.562318223,3.931714352,cmH2O,-0.6784459577
A2,berger2021,R5_R15,F,62,1.63,72,0.08,0.03396038402,-0.002206521577,0.08377266156,0.3462995418,cmH2O,1.537263656
A2,berger2021,R5_R20,F,62,1.63,72,0.12,0.01229103687,-0.03717817308,0.1019519036,0.1253336958,cmH2O,1.883971763
A2,berger2021,X5,F,62,1.63,72,-0.2,-0.1388924758,-0.203562032,-0.05206042066,-1.416309095,cmH2O,-1.540610417
A2,berger2021,X10,F,62,1.63,72,-0.02,-0.01955291703,-0.07577465061,0.04665608267,-0.199384265,cmH2O,-0.01207501602
A2,berger2021,AX,F,62,1.63,72,1.5,0.2907188344,0.0929650434,0.9091314063,2.964507088,cmH2O,2.367461357
A2,berger2021,Fres,F,62,1.63,72,15,11.3789815,7.347396078,17.6227358,11.3789815,Hz,1.039006716
A2,oostveen2013,R5,F,62,1.63,72,0.45,0.353131386,0.2280953369,0.5467090097,3.53131386,hPa,0.9123349521
A2,oostveen2013,R10,F,62,1.63,72,0.38,0.3272289851,0.2108435071,0.5078591706,3.272289851,hPa,0.5595474054
A2,oostveen2013,R20,F,62,1.63,72,0.33,0.3446089121,0.2296574121,0.5170976248,3.446089121,hPa,-0.1755878862
A2,oostveen2013,X5,F,62,1.63,72,-0.2,-0.1480684489,-0.2265967464,-0.07938171794,-1.480684489,hPa,-1.112155642
A2,oostveen2013,X10,F,62,1.63,72,-0.02,-0.03504530974,-0.1019824636,0.02296606902,-0.3504530974,hPa,0.4045456863
A2,oostveen2013,AX,F,62,1.63,72,1.5,0.4088834639,0.1305127843,1.280990885,4.088834639,hPa,1.872356959
A2,oostveen2013,Fres,F,62,1.63,72,15,12.88005512,8.468636366,19.58943715,12.88005512,Hz,0.5977646179
A2,gochicoa2023,R5,F,62,1.63,72,0.45,0.3538210852,0.2347230852,0.4729190852,0.3538210852,kPa,1.328438049
A2,gochicoa2023,R10,F,62,1.63,72,0.38,0.2989943957,0.1956415297,0.4023472618,0.2989943957,kPa,1.289313244
A2,gochicoa2023,R15,F,62,1.63,72,0.35,0.276296192,0.1771289791,0.3754634049,0.276296192,kPa,1.222609374
A2,gochicoa2023,R20,F,62,1.63,72,0.33,0.2835469226,0.1904399226,0.3766539226,0.2835469226,kPa,0.8207257489
A2,gochicoa2023,R5_R20,F,62,1.63,72,0.12,0.07164805086,0.01440205086,0.1288940509,0.07164805086,kPa,1.389423826
A2,gochicoa2023,X5,F,62,1.63,72,-0.2,-0.1138962131,-0.1810122131,-0.0467802131,-0.1138962131,kPa,-2.110386934
A2,gochicoa2023,X10,F,62,1.63,72,-0.02,-0.05915497983,-0.1109123386,-0.007397621028,-0.05915497983,kPa,1.244459596
A2,gochicoa2023,X15,F,62,1.63,72,0.03,-0.01590206426,-0.06966461226,0.03786048374,-0.01590206426,kPa,1.404488785
A2,gochicoa2023,X20,F,62,1.63,72,0.06,0.02584772057,-0.03024677943,0.08194222057,0.02584772057,kPa,1.001533121
A2,gochicoa2023,AX,F,62,1.63,72,1.5,0.5711857368,0.2056487137,1.58645848,0.5711857368,kPa,1.554759979
A2,gochicoa2023,Fres,F,62,1.63,72,15,17.21296406,10.81391406,23.61201406,17.21296406,Hz,-0.568885363
A2,valach2026,R5,F,62,1.63,72,0.45,0.3395535722,0.2129303014,0.5477579156,3.462482827,cmH2O,0.9736683146
A2,valach2026,R5_insp,F,62,1.63,72,0.45,0.3034067052,0.1995451814,0.4873221305,3.093887364,cmH2O,1.383205641
A2,valach2026,R5_exp,F,62,1.63,72,0.45,0.361376583,0.2188020018,0.6138040574,3.685015607,cmH2O,0.6922064643
A2,valach2026,X5,F,62,1.63,72,-0.2,-0.1219862847,-0.2126873476,-0.06469085808,-1.243913923,cmH2O,-1.458674773
A2,valach2026,X5_insp,F,62,1.63,72,-0.2,-0.1307282582,-0.205835362,-0.07859940889,-1.333057244,cmH2O,-1.537698937
A2,valach2026,X5_exp,F,62,1.63,72,-0.2,-0.1090857934,-0.2272897105,-0.04994107915,-1.112365521,cmH2O,-1.368007054
A2,valach2026,Z5,F,62,1.63,72,0.5,0.3633995491,0.2280146034,0.5845531254,3.70564412,cmH2O,1.107908238
A2,valach2026,Z5_insp,F,62,1.63,72,0.5,0.3329458448,0.2226322444,0.5197969523,3.39510276,cmH2O,1.5084904
A2,valach2026,Z5_exp,F,62,1.63,72,0.5,0.3815538363,0.2298296268,0.6548665065,3.89076633,cmH2O,0.8367993651
A2,valach2026,R5_R19,F,62,1.63,72,0.1,0.03145977266,-0.02056869154,0.1331402132,0.3208004023,cmH2O,1.226164537
A2,valach2026,R5_R19_insp,F,62,1.63,72,0.1,0.02391562014,-0.02210037384,0.1032892862,0.243871456,cmH2O,1.592451259
A2,valach2026,R5_R19_exp,F,62,1.63,72,0.1,0.03546653483,-0.02264297406,0.1683312719,0.3616580059,cmH2O,0.9808029177
A2,valach2026,AX,F,62,1.63,72,1.5,0.4970184824,0.1515273103,1.553708849,5.068178046,cmH2O,1.596112476
A2,valach2026,AX_insp,F,62,1.63,72,1.5,0.4406174956,0.1896348416,1.053168321,4.49304804,cmH2O,2.255193506
A2,valach2026,AX_exp,F,62,1.63,72,1.5,0.4681568679,0.1085280688,1.316366453,4.773871484,cmH2O,1.875978589
A2,valach2026,Fres,F,62,1.63,72,15,13.7599591,9.383635182,21.93060695,13.7599591,Hz,0.3329738777
A2,valach2026,Fres_insp,F,62,1.63,72,15,12.31096014,9.462040288,18.1651951,12.31096014,Hz,0.9338538186
A2,valach2026,Fres_exp,F,62,1.63,72,15,14.85123063,9.199723876,25.46035677,14.85123063,Hz,0.03243531138
A2,valach2026,R11,F,62,1.63,72,0.414,0.3138193888,0.2012462685,0.4836361246,3.200067187,cmH2O,1.048683482
A2,valach2026,R11_insp,F,62,1.63,72,0.414,0.2741637336,0.183524345,0.4292655056,2.795692041,cmH2O,1.519167932
A2,valach2026,R11_exp,F,62,1.63,72,0.414,0.3397448554,0.2105546649,0.5402844196,3.464433373,cmH2O,0.6948339621
A2,valach2026,X11,F,62,1.63,72,-0.08,-0.03166045695,-0.1224677051,0.02557451721,-0.3228468126,cmH2O,-0.9754528463
A2,valach2026,X11_insp,F,62,1.63,72,-0.08,-0.01420611016,-0.08207873099,0.02943877547,-0.1448620085,cmH2O,-1.605082188
A2,valach2026,X11_exp,F,62,1.63,72,-0.08,-0.04216087385,-0.1628928714,0.02510294284,-0.4299212662,cmH2O,-0.6364148834
A2,valach2026,R19,F,62,1.63,72,0.366,0.3031549067,0.2025401444,0.4493432094,3.091319734,cmH2O,0.7824956373
A2,valach2026,R19_insp,F,62,1.63,72,0.366,0.2775482991,0.1892704273,0.4150644871,2.830205005,cmH2O,1.139807707
A2,valach2026,R19_exp,F,62,1.63,72,0.366,0.3199980962,0.2084791579,0.4886310054,3.263072468,cmH2O,0.519834033
A2,valach2026,X19,F,62,1.63,72,0.08,0.05308694778,-0.03215079502,0.1300308232,0.5413362135,cmH2O,0.5543424329
A2,valach2026,X19_insp,F,62,1.63,72,0.08,0.0764104016,0.001301077055,0.1427077437,0.7791692535,cmH2O,0.08364735391
A2,valach2026,X19_exp,F,62,1.63,72,0.08,0.03817074933,-0.07078214407,0.1240451418,0.3892333196,cmH2O,0.7490452255
A3,berger2021,R5,M,70,1.7,100,0.45,0.4131865146,0.2756631778,0.6193177384,4.213329879,cmH2O,0.3469027457
A3,berger2021,R10,M,70,1.7,100,0.38,0.3898564718,0.261776543,0.5806023217,3.975429651,cmH2O,-0.1057632484
A3,berger2021,R15,M,70,1.7,100,0.35,0.3608698386,0.2458785059,0.5296397908,3.679848252,cmH2O,-0.1311275127
A3,berger2021,R20,M,70,1.7,100,0.33,0.3536841257,0.2450762078,0.5104227043,3.606574372,cmH2O,-0.3108141703
A3,berger2021,R5_R15,M,70,1.7,100,0.08,0.04906214331,0.009085675885,0.1039530811,0.5002946297,cmH2O,0.9901927332
A3,berger2021,R5_R20,M,70,1.7,100,0.12,0.05222749031,-0.003640636694,0.1411506248,0.5325721863,cmH2O,1.317359492
A3,berger2021,X5,M,70,1.7,100,-0.2,-0.1521334725,-0.2308256582,-0.03508371141,-1.551329685,cmH2O,-0.9210349995
A3,berger2021,X10,M,70,1.7,100,-0.02,-0.04720735045,-0.1097714181,0.02921277963,-0.4813810062,cmH2O,0.6240585066
A3,berger2021,AX,M,70,1.7,100,1.5,0.4369689705,0.1409940113,1.354255258,4.455843437,cmH2O,1.793646838
A3,berger2021,Fres,M,70,1.7,100,15,13.75717727,9.095253611,20.80864752,13.75717727,Hz,0.3438195616
A3,oostveen2013,R5,M,70,1.7,100,0.45,0.365428335,0.230436811,0.5794988545,3.65428335,hPa,0.7426949582
A3,oostveen2013,R10,M,70,1.7,100,0.38,0.3394987231,0.2161025765,0.5333549692,3.394987231,hPa,0.410419034
A3,oostveen2013,R20,M,70,1.7,100,0.33,0.2992771856,0.1939148579,0.461887422,2.992771856,hPa,0.3704415029
A3,oostveen2013,X5,M,70,1.7,100,-0.2,-0.1354300126,-0.2035483697,-0.07499970643,-1.354300126,hPa,-1.564003698
A3,oostveen2013,X10,M,70,1.7,100,-0.02,-0.04696048309,-0.09986106309,0.0003415985029,-0.4696048309,hPa,0.9149334516
A3,oostveen2013,AX,M,70,1.7,100,1.5,0.4349670086,0.1316323996,1.437307982,4.349670086,hPa,1.703757502
A3,oostveen2013,Fres,M,70,1.7,100,15,14.83812675,9.838261317,22.37895481,14.83812675,Hz,0.04343555285
A3,gochicoa2023,R5,M,70,1.7,100,0.45,0.3493518742,0.2302538742,0.4684498742,0.3493518742,kPa,1.390167483
A3,gochicoa2023,R10,M,70,1.7,100,0.38,0.297842869,0.1944900029,0.401195735,0.297842869,kPa,1.307641343
A3,gochicoa2023,R15,M,70,1.7,100,0.35,0.265138522,0.1659713091,0.3643057349,0.265138522,kPa,1.40769441
A3,gochicoa2023,R20,M,70,1.7,100,0.33,0.2641855952,0.1710785952,0.3572925952,0.2641855952,kPa,1.162798672
A3,gochicoa2023,R5_R20,M,70,1.7,100,0.12,0.08792246415,0.03067646415,0.1451684642,0.08792246415,kPa,0.9217682715
A3,gochicoa2023,X5,M,70,1.7,100,-0.2,-0.09834496046,-0.1654609605,-0.03122896046,-0.09834496046,kPa,-2.491545087
A3,gochicoa2023,X10,M,70,1.7,100,-0.02,-0.05714341015,-0.1089007689,-0.005386051347,-0.05714341015,kPa,1.180526037
A3,gochicoa2023,X15,M,70,1.7,100,0.03,-0.02373018814,-0.07749273614,0.03003235986,-0.02373018814,kPa,1.644009869
A3,gochicoa2023,X20,M,70,1.7,100,0.06,0.02113723529,-0.03495726471,0.07723173529,0.02113723529,kPa,1.139670519
A3,gochicoa2023,AX,M,70,1.7,100,1.5,0.5695679771,0.2050662584,1.581965181,0.5695679771,kPa,1.559327292
A3,gochicoa2023,Fres,M,70,1.7,100,15,17.70806272,11.30901272,24.10711272,17.70806272,Hz,-0.6961600818
A3,valach2026,R5,M,70,1.7,100,0.45,0.3093677171,0.1988342632,0.5059023201,3.154672769,cmH2O,1.269950377
A3,valach2026,R5_insp,M,70,1.7,100,0.45,0.2882429173,0.1868736052,0.4674550346,2.939259761,cmH2O,1.522303993
A3,valach2026,R5_exp,M,70,1.7,100,0.45,0.3263658457,0.201469835,0.5542710964,3.328005442,cmH2O,1.016853382
A3,valach2026,X5,M,70,1.7,100,-0.2,-0.0884760842,-0.1704164248,-0.05280178417,-0.9022049752,cmH2O,-1.940641647
A3,valach2026,X5_insp,M,70,1.7,100,-0.2,-0.09705611971,-0.1600492355,-0.0581600927,-0.9896969884,cmH2O,-2.339924823
A3,valach2026,X5_exp,M,70,1.7,100,-0.2,-0.08445933847,-0.2467881936,-0.03859538837,-0.8612455678,cmH2O,-1.414231071
A3,valach2026,Z5,M,70,1.7,100,0.5,0.3251663948,0.2046379624,0.5320695152,3.315774447,cmH2O,1.443033726
A3,valach2026,Z5_insp,M,70,1.7,100,0.5,0.3066770774,0.1985777039,0.4894520035,3.127235879,cmH2O,1.717101363
A3,valach2026,Z5_exp,M,70,1.7,100,0.5,0.3408628078,0.2032851363,0.5871810144,3.475833315,cmH2O,1.167757838
A3,valach2026,R5_R19,M,70,1.7,100,0.1,0.05230656073,-0.002454646772,0.1337720473,0.5333784802,cmH2O,1.038391877
A3,valach2026,R5_R19_insp,M,70,1.7,100,0.1,0.04049575291,-0.01060196096,0.1094206326,0.412941758,cmH2O,1.445279558
A3,valach2026,R5_R19_exp,M,70,1.7,100,0.1,0.06671492522,-0.0008212762236,0.1790245212,0.6803029089,cmH2O,0.5796003992
A3,valach2026,AX,M,70,1.7,100,1.5,0.5574178868,0.1632609777,1.842740452,5.684080565,cmH2O,1.371861211
A3,valach2026,AX_insp,M,70,1.7,100,1.5,0.3988248172,0.164804607,1.410798699,4.066881322,cmH2O,1.701813621
A3,valach2026,Fres,M,70,1.7,100,15,16.80810625,10.02519202,25.04645325,16.80810625,Hz,-0.4052440897
A3,valach2026,Fres_insp,M,70,1.7,100,15,13.93361681,10.08678794,25.2804111,13.93361681,Hz,0.2850077984
A3,valach2026,Fres_exp,M,70,1.7,100,15,18.97539649,9.458852211,27.61646625,18.97539649,Hz,-0.7125150732
A3,valach2026,R11,M,70,1.7,100,0.414,0.2934097444,0.2082647297,0.4814653908,2.991946735,cmH2O,1.217808335
A3,valach2026,R11_insp,M,70,1.7,100,0.414,0.2686618323,0.190880811,0.4505657701,2.739588262,cmH2O,1.429276273
A3,valach2026,R11_exp,M,70,1.7,100,0.414,0.3145747734,0.2171899313,0.5168355301,3.207769966,cmH2O,0.9780613265
A3,valach2026,X11,M,70,1.7,100,-0.08,-0.05096975167,-0.123500597,0.005859366254,-0.5197468215,cmH2O,-0.7068990158
A3,valach2026,X11_insp,M,70,1.7,100,-0.08,-0.03128284416,-0.08448312989,0.01393824531,-0.3189962337,cmH2O,-1.51592982
A3,valach2026,X11_exp,M,70,1.7,100,-0.08,-0.06691240651,-0.1674108082,0.003753747125,-0.6823166577,cmH2O,-0.2504585303
A3,valach2026,R19,M,70,1.7,100,0.366,0.2499576428,0.1819239637,0.4305511926,2.548858609,cmH2O,1.266870199
A3,valach2026,R19_insp,M,70,1.7,100,0.366,0.2395899204,0.1706902238,0.4115479962,2.443137263,cmH2O,1.365184046
A3,valach2026,R19_exp,M,70,1.7,100,0.366,0.2589586555,0.1868563893,0.4447852104,2.640643395,cmH2O,1.169649264
A3,valach2026,X19,M,70,1.7,100,0.08,0.01759051221,-0.04591813075,0.06950836458,0.1793733049,cmH2O,2.022064974
A3,valach2026,X19_insp,M,70,1.7,100,0.08,0.03530605577,-0.01844908276,0.08088163992,0.3600215749,cmH2O,1.610410566
A3,valach2026,X19_exp,M,70,1.7,100,0.08,0.003773536511,-0.07504451023,0.06302415194,0.0384793636,cmH2O,2.213342798
C1,gochicoa2023,R5,M,4.5,1.05,17,0.8,0.9706023747,0.7353673747,1.205837375,0.9706023747,kPa,-1.193023599
C1,gochicoa2023,R10,M,4.5,1.05,17,0.65,0.8348679487,0.6384403082,1.031295589,0.8348679487,kPa,-1.548192377
C1,gochicoa2023,R15,M,4.5,1.05,17,0.58,0.7600161413,0.5766646058,0.9433676768,0.7600161413,kPa,-1.615075389
C1,gochicoa2023,R20,M,4.5,1.05,17,0.52,0.6950607124,0.5141107124,0.8760107124,0.6950607124,kPa,-1.591461022
C1,gochicoa2023,R5_R20,M,4.5,1.05,17,0.25,0.277489622,0.155924122,0.399055122,0.277489622,kPa,-0.3719840596
C1,gochicoa2023,X5,M,4.5,1.05,17,-0.3,-0.3661652135,-0.5178342135,-0.2144962135,-0.3661652135,kPa,0.7176270443
C1,gochicoa2023,X10,M,4.5,1.05,17,-0.1,-0.1926919542,-0.3287325001,-0.05665140834,-0.1926919542,kPa,1.120829556
C1,gochicoa2023,X15,M,4.5,1.05,17,0,-0.1466321578,-0.2796973099,-0.01356700561,-0.1466321578,kPa,1.812720277
C1,gochicoa2023,X20,M,4.5,1.05,17,0.08,-0.08071860084,-0.1702066008,0.00876939916,-0.08071860084,kPa,2.954386045
C1,gochicoa2023,AX,M,4.5,1.05,17,3,2.556578148,1.400178465,4.668041961,2.556578148,kPa,0.4370015992
C1,gochicoa2023,Fres,M,4.5,1.05,17,20,24.41319452,19.95524452,28.87114452,24.41319452,Hz,-1.628485062
C1,nowowiejska2008,R5,M,4.5,1.05,17,0.8,1.061305761,0.7263868898,1.550647367,1.061305761,kPa,-1.226219312
C1,nowowiejska2008,R10,M,4.5,1.05,17,0.65,0.9107380174,0.6279655316,1.320842777,0.9107380174,kPa,-1.492402284
C1,nowowiejska2008,R15,M,4.5,1.05,17,0.58,0.7977181017,0.5547620477,1.14707589,0.7977181017,kPa,-1.443510758
C1,nowowiejska2008,R20,M,4.5,1.05,17,0.52,0.7008229441,0.482273451,1.018411438,0.7008229441,kPa,-1.313496776
C1,nowowiejska2008,X5,M,4.5,1.05,17,-0.3,-0.3315,-0.42033,-0.24267,-0.3315,kPa,0.5833333333
C1,nowowiejska2008,X10,M,4.5,1.05,17,-0.1,-0.1565,-0.2438495,-0.0691505,-0.1565,kPa,1.064030132
C1,nowowiejska2008,X15,M,4.5,1.05,17,0,-0.107,-0.192869,-0.021131,-0.107,kPa,2.049808429
C1,nowowiejska2008,X20,M,4.5,1.05,17,0.08,-0.014,-0.0891765,0.0611765,-0.014,kPa,2.056892779
C1,nowowiejska2008,Fres,M,4.5,1.05,17,20,22.27578023,15.26121282,32.51447907,22.27578023,Hz,-0.4687591407
C1,wu2022,R5,M,4.5,1.05,17,0.8,1.067,0.63272,1.50128,1.067,kPa,-1.011363636
C1,wu2022,R20,M,4.5,1.05,17,0.52,0.639,0.41528,0.86272,0.639,kPa,-0.875
C1,wu2022,R5_R20,M,4.5,1.05,17,0.25,0.3465,0.127715,0.565285,0.3465,kPa,-0.7255639098
C1,wu2022,X5,M,4.5,1.05,17,-0.3,-0.3125,-0.462195,-0.162805,-0.3125,kPa,0.1373626374
C1,wu2022,Fres,M,4.5,1.05,17,20,21.4535,15.506825,27.400175,21.4535,Hz,-0.4020746888
C1,ducharme2022_resmon,R5,M,4.5,1.05,17,0.8,0.8110300277,0.5663084772,1.055751578,0.8110300277,kPa,-0.07414302323
C1,ducharme2022_resmon,R5_insp,M,4.5,1.05,17,0.8,0.7473661898,0.5090808663,0.9856515133,0.7473661898,kPa,0.3633569053
C1,ducharme2022_resmon,R5_exp,M,4.5,1.05,17,0.8,0.8629975732,0.5871952282,1.138799918,0.8629975732,kPa,-0.3757437517
C1,ducharme2022_resmon,R8,M,4.5,1.05,17,0.764,0.8035477243,0.5731814308,1.033914018,0.8035477243,kPa,-0.2824024537
C1,ducharme2022_resmon,R8_insp,M,4.5,1.05,17,0.764,0.7399860088,0.5167116393,0.9632603783,0.7399860088,kPa,0.1769258855
C1,ducharme2022_resmon,R8_exp,M,4.5,1.05,17,0.764,0.8559852794,0.6071462939,1.104824265,0.8559852794,kPa,-0.6080871301
C1,ducharme2022_resmon,R11,M,4.5,1.05,17,0.728,0.7175266422,0.5163488997,0.9187043847,0.7175266422,kPa,0.08563906377
C1,ducharme2022_resmon,R19,M,4.5,1.05,17,0.632,0.6012408957,0.3956331682,0.8068486232,0.6012408957,kPa,0.2460935064
C1,ducharme2022_resmon,R5_R19,M,4.5,1.05,17,0.2,0.2111327,0.0220562355,0.4002091645,0.2111327,kPa,-0.09685653658
C1,ducharme2022_resmon,X5,M,4.5,1.05,17,-0.3,-0.3540456,-0.521086138,-0.187005062,-0.3540456,kPa,0.532236145
C1,ducharme2022_resmon,X5_insp,M,4.5,1.05,17,-0.3,-0.3255962,-0.4927079665,-0.1584844335,-0.3255962,kPa,0.2519616056
C1,ducharme2022_resmon,X5_exp,M,4.5,1.05,17,-0.3,-0.3787504,-0.551831049,-0.205669751,-0.3787504,kPa,0.7484626892
C1,ducharme2022_resmon,X8,M,4.5,1.05,17,-0.225,-0.2742272,-0.42449137,-0.12396303,-0.2742272,kPa,0.5389092024
C1,ducharme2022_resmon,X8_insp,M,4.5,1.05,17,-0.225,-0.2390784,-0.3610592625,-0.1170975375,-0.2390784,kPa,0.1898573885
C1,ducharme2022_resmon,X8_exp,M,4.5,1.05,17,-0.225,-0.3003874,-0.485681516,-0.115093284,-0.3003874,kPa,0.6692725904
C1,ducharme2022_resmon,X11,M,4.5,1.05,17,-0.15,-0.2108149,-0.359492961,-0.062136839,-0.2108149,kPa,0.6728666612
C1,ducharme2022_resmon,X19,M,4.5,1.05,17,0.05,-0.1068786,-0.2107657785,-0.0029914215,-0.1068786,kPa,2.484091884
C1,ducharme2022_tremoflo,R5,M,4.5,1.05,17,0.8,0.9265074428,0.6392119763,1.213802909,0.9265074428,kPa,-0.7243579093
C1,ducharme2022_tremoflo,R5_insp,M,4.5,1.05,17,0.8,0.8985856965,0.6183744225,1.178796971,0.8985856965,kPa,-0.578754268
C1,ducharme2022_tremoflo,R5_exp,M,4.5,1.05,17,0.8,0.9500550013,0.6519334608,1.248176542,0.9500550013,kPa,-0.8279860511
C1,ducharme2022_tremoflo,R7,M,4.5,1.05,17,0.776,0.8791518,0.6111801485,1.147123451,0.8791518,kPa,-0.6332188871
C1,ducharme2022_tremoflo,R7_insp,M,4.5,1.05,17,0.776,0.8483912244,0.5979534634,1.098828985,0.8483912244,kPa,-0.4755016326
C1,ducharme2022_tremoflo,R7_exp,M,4.5,1.05,17,0.776,0.911281617,0.6295426315,1.193020602,0.911281617,kPa,-0.7898738597
C1,ducharme2022_tremoflo,R11,M,4.5,1.05,17,0.728,0.8375273995,0.593626375,1.081428424,0.8375273995,kPa,-0.7387118301
C1,ducharme2022_tremoflo,R13,M,4.5,1.05,17,0.704,0.7942727205,0.5601928395,1.028352602,0.7942727205,kPa,-0.6343929457
C1,ducharme2022_tremoflo,R17,M,4.5,1.05,17,0.656,0.7094088226,0.4727726116,0.9460450336,0.7094088226,kPa,-0.3712767071
C1,ducharme2022_tremoflo,R19,M,4.5,1.05,17,0.632,0.688134339,0.4480878785,0.9281807995,0.688134339,kPa,-0.3846796466
C1,ducharme2022_tremoflo,R23,M,4.5,1.05,17,0.584,0.6278356818,0.4169833653,0.8386879983,0.6278356818,kPa,-0.3419914834
C1,ducharme2022_tremoflo,R29,M,4.5,1.05,17,0.512,0.6385433579,0.4856187294,0.7914679864,0.6385433579,kPa,-1.361218436
C1,ducharme2022_tremoflo,R31,M,4.5,1.05,17,0.488,0.6516807397,0.5050933092,0.7982681702,0.6516807397,kPa,-1.836820633
C1,ducharme2022_tremoflo,R37,M,4.5,1.05,17,0.416,0.6588314787,0.5215276057,0.7961353517,0.6588314787,kPa,-2.909297267
C1,ducharme2022_tremoflo,R41,M,4.5,1.05,17,0.368,0.6765856715,0.5240510725,0.8291202705,0.6765856715,kPa,-3.327923193
C1,ducharme2022_tremoflo,R5_R19,M,4.5,1.05,17,0.2,0.2508155,0.0287633655,0.4728676345,0.2508155,kPa,-0.3764498715
C1,ducharme2022_tremoflo,R7_R19,M,4.5,1.05,17,0.2,0.1771136,-0.011173758,0.365400958,0.1771136,kPa,0.1999503759
C1,ducharme2022_tremoflo,X5,M,4.5,1.05,17,-0.3,-0.412435,-0.5872262845,-0.2376437155,-0.412435,kPa,1.058151014
C1,ducharme2022_tremoflo,X5_insp,M,4.5,1.05,17,-0.3,-0.4027168,-0.5698706785,-0.2355629215,-0.4027168,kPa,1.010859799
C1,ducharme2022_tremoflo,X5_exp,M,4.5,1.05,17,-0.3,-0.4206914,-0.605887145,-0.235495655,-0.4206914,kPa,1.072040575
C1,ducharme2022_tremoflo,X7,M,4.5,1.05,17,-0.25,-0.3357558,-0.4959105325,-0.1756010675,-0.3357558,kPa,0.8808249922
C1,ducharme2022_tremoflo,X7_insp,M,4.5,1.05,17,-0.25,-0.3236672,-0.4803016325,-0.1670327675,-0.3236672,kPa,0.7736647815
C1,ducharme2022_tremoflo,X7_exp,M,4.5,1.05,17,-0.25,-0.3480127,-0.516232045,-0.179793355,-0.3480127,kPa,0.958456303
C1,ducharme2022_tremoflo,X11,M,4.5,1.05,17,-0.15,-0.273009,-0.452163976,-0.093854024,-0.273009,kPa,1.129467959
C1,ducharme2022_tremoflo,X13,M,4.5,1.05,17,-0.1,-0.263224,-0.437835486,-0.088612514,-0.263224,kPa,1.53771946
C1,ducharme2022_tremoflo,X17,M,4.5,1.05,17,5.551115123e-17,-0.2029647,-0.3493195275,-0.0566098725,-0.2029647,kPa,2.281284036
C1,ducharme2022_tremoflo,X19,M,4.5,1.05,17,0.05,-0.1664261,-0.305768457,-0.027083743,-0.1664261,kPa,2.555008701
C1,ducharme2022_tremoflo,Fres_5_37,M,4.5,1.05,17,20,25.9117268,18.67586662,33.14758698,25.9117268,Hz,-1.3439716
C1,ducharme2022_tremoflo,Fres_7_41,M,4.5,1.05,17,20,27.3644324,18.38212276,36.34674204,27.3644324,Hz,-1.348705599
C1,ducharme2022_tremoflo,AX_5_37,M,4.5,1.05,17,3,4.473707233,2.229956836,7.490752982,4.473707233,kPa,-1.013394689
C1,ducharme2022_tremoflo,AX_7_41,M,4.5,1.05,17,3,3.873205058,1.703314722,6.922061022,3.873205058,kPa,-0.585596011
C2,gochicoa2023,R5,F,8,1.28,26,0.8,0.6458104496,0.4747304496,0.8168904496,0.6458104496,kPa,1.482591831
C2,gochicoa2023,R10,F,8,1.28,26,0.65,0.5418603392,0.4045960778,0.6791246006,0.5418603392,kPa,1.295965463
C2,gochicoa2023,R15,F,8,1.28,26,0.58,0.4973219923,0.366558886,0.6280850985,0.4973219923,kPa,1.040089415
C2,gochicoa2023,R20,F,8,1.28,26,0.52,0.4648519092,0.3357194092,0.5939844092,0.4648519092,kPa,0.7025234499
C2,gochicoa2023,R5_R20,F,8,1.28,26,0.25,0.1759729978,0.0544074978,0.2975384978,0.1759729978,kPa,1.001718568
C2,gochicoa2023,X5,F,8,1.28,26,-0.3,-0.2318364746,-0.3264239746,-0.1372489746,-0.2318364746,kPa,-1.185452616
C2,gochicoa2023,X10,F,8,1.28,26,-0.1,-0.113429511,-0.1875856175,-0.03927340451,-0.113429511,kPa,0.2979059534
C2,gochicoa2023,X15,F,8,1.28,26,0,-0.06554016971,-0.1388079433,0.00772760389,-0.06554016971,kPa,1.471500687
C2,gochicoa2023,X20,F,8,1.28,26,0.08,-0.008374886538,-0.06611438654,0.04936461346,-0.008374886538,kPa,2.517803035
C2,gochicoa2023,AX,F,8,1.28,26,3,1.379986735,0.6464424433,2.945913298,1.379986735,kPa,1.684465079
C2,gochicoa2023,Fres,F,8,1.28,26,20,20.26259155,15.80464155,24.72054155,20.26259155,Hz,-0.09689725092
C2,nowowiejska2008,R5,F,8,1.28,26,0.8,0.7021557735,0.4982852873,0.9894386667,0.7021557735,kPa,0.6256904014
C2,nowowiejska2008,R10,F,8,1.28,26,0.65,0.601938499,0.4282213689,0.8461276874,0.601938499,kPa,0.3710970237
C2,nowowiejska2008,R15,F,8,1.28,26,0.58,0.5666576214,0.4073889088,0.7881924445,0.5666576214,kPa,0.1160160746
C2,nowowiejska2008,R20,F,8,1.28,26,0.52,0.5194420626,0.3668680619,0.7354689176,0.5194420626,kPa,0.005078205266
C2,nowowiejska2008,X5,F,8,1.28,26,-0.3,-0.25,-0.3393235,-0.1606765,-0.25,kPa,-0.9208103131
C2,nowowiejska2008,X10,F,8,1.28,26,-0.1,-0.0886,-0.176114,-0.001086,-0.0886,kPa,-0.2142857143
C2,nowowiejska2008,X15,F,8,1.28,26,0,-0.0484,-0.134598,0.037798,-0.0484,kPa,0.9236641221
C2,nowowiejska2008,X20,F,8,1.28,26,0.08,0.0186,-0.059702,0.096902,0.0186,kPa,1.289915966
C2,nowowiejska2008,Fres,F,8,1.28,26,20,17.1981187,11.79606498,25.07406387,17.1981187,Hz,0.6585177729
C2,wu2022,R5,F,8,1.28,26,0.8,0.736,0.44648,1.02552,0.736,kPa,0.3636363636
C2,wu2022,R20,F,8,1.28,26,0.52,0.508,0.305665,0.710335,0.508,kPa,0.09756097561
C2,wu2022,R5_R20,F,8,1.28,26,0.25,0.231,0.01715,0.44485,0.231,kPa,0.1461538462
C2,wu2022,X5,F,8,1.28,26,-0.3,-0.259,-0.405405,-0.112595,-0.259,kPa,-0.4606741573
C2,wu2022,Fres,F,8,1.28,26,20,19.245,12.620585,25.869415,19.245,Hz,0.1874844798
C2,ducharme2022_resmon,R5,F,8,1.28,26,0.8,0.6282270081,0.4267168111,0.8297372051,0.6282270081,kPa,1.402244531
C2,ducharme2022_resmon,R5_insp,F,8,1.28,26,0.8,0.5814976199,0.3909260149,0.7720692249,0.5814976199,kPa,1.886096385
C2,ducharme2022_resmon,R5_exp,F,8,1.28,26,0.8,0.6666265399,0.4369261424,0.8963269374,0.6666265399,kPa,0.9551543845
C2,ducharme2022_resmon,R8,F,8,1.28,26,0.764,0.6077779971,0.4174335666,0.7981224276,0.6077779971,kPa,1.350106195
C2,ducharme2022_resmon,R8_insp,F,8,1.28,26,0.764,0.5653168548,0.3830745428,0.7475591668,0.5653168548,kPa,1.793402258
C2,ducharme2022_resmon,R8_exp,F,8,1.28,26,0.764,0.644021222,0.4356656865,0.8523767575,0.644021222,kPa,0.9472514821
C2,ducharme2022_resmon,R11,F,8,1.28,26,0.728,0.5649886141,0.3976164441,0.7323607841,0.5649886141,kPa,1.602140486
C2,ducharme2022_resmon,R19,F,8,1.28,26,0.632,0.4773436535,0.309866039,0.644821268,0.4773436535,kPa,1.519066837
C2,ducharme2022_resmon,R5_R19,F,8,1.28,26,0.2,0.1460404,-0.008140844,0.300221644,0.1460404,kPa,0.5757090791
C2,ducharme2022_resmon,X5,F,8,1.28,26,-0.3,-0.2368146,-0.3632089975,-0.1104202025,-0.2368146,kPa,-0.8223464414
C2,ducharme2022_resmon,X5_insp,F,8,1.28,26,-0.3,-0.2144119,-0.341747731,-0.087076069,-0.2144119,kPa,-1.105677981
C2,ducharme2022_resmon,X5_exp,F,8,1.28,26,-0.3,-0.251542,-0.3836284265,-0.1194555735,-0.251542,kPa,-0.6034943341
C2,ducharme2022_resmon,X8,F,8,1.28,26,-0.225,-0.1726178,-0.289556902,-0.055678698,-0.1726178,kPa,-0.7368683146
C2,ducharme2022_resmon,X8_insp,F,8,1.28,26,-0.225,-0.1459376,-0.241165334,-0.050709866,-0.1459376,kPa,-1.365753888
C2,ducharme2022_resmon,X8_exp,F,8,1.28,26,-0.225,-0.1938054,-0.3383020355,-0.0493087645,-0.1938054,kPa,-0.3551301857
C2,ducharme2022_resmon,X11,F,8,1.28,26,-0.15,-0.1264302,-0.246164486,-0.006695914,-0.1264302,kPa,-0.3238197036
C2,ducharme2022_resmon,X19,F,8,1.28,26,0.05,-0.0445095,-0.139433567,0.050414567,-0.0445095,kPa,1.637815703
C2,ducharme2022_tremoflo,R5,F,8,1.28,26,0.8,0.7203172061,0.4829185376,0.9577158746,0.7203172061,kPa,0.5521437708
C2,ducharme2022_tremoflo,R5_insp,F,8,1.28,26,0.8,0.6903497678,0.4590061798,0.9216933558,0.6903497678,kPa,0.7796828672
C2,ducharme2022_tremoflo,R5_exp,F,8,1.28,26,0.8,0.7434733929,0.4954567429,0.9914900429,0.7434733929,kPa,0.3749194608
C2,ducharme2022_tremoflo,R7,F,8,1.28,26,0.776,0.6693649178,0.4476276363,0.8911021993,0.6693649178,kPa,0.7910925444
C2,ducharme2022_tremoflo,R7_insp,F,8,1.28,26,0.776,0.6367431009,0.4287183749,0.8447678269,0.6367431009,kPa,1.101203705
C2,ducharme2022_tremoflo,R7_exp,F,8,1.28,26,0.776,0.6951247869,0.4611373549,0.9291122189,0.6951247869,kPa,0.5685763734
C2,ducharme2022_tremoflo,R11,F,8,1.28,26,0.728,0.640983092,0.4412430795,0.8407231045,0.640983092,kPa,0.7166456632
C2,ducharme2022_tremoflo,R13,F,8,1.28,26,0.704,0.6121780545,0.420431755,0.803924354,0.6121780545,kPa,0.7877445389
C2,ducharme2022_tremoflo,R17,F,8,1.28,26,0.656,0.5533295631,0.3599274066,0.7467317196,0.5533295631,kPa,0.8732729343
C2,ducharme2022_tremoflo,R19,F,8,1.28,26,0.632,0.5380384785,0.340283981,0.735792976,0.5380384785,kPa,0.7816090396
C2,ducharme2022_tremoflo,R23,F,8,1.28,26,0.584,0.4886583522,0.3117932162,0.6655234882,0.4886583522,kPa,0.8867604674
C2,ducharme2022_tremoflo,R29,F,8,1.28,26,0.512,0.5025708269,0.3675724214,0.6375692324,0.5025708269,kPa,0.1148975779
C2,ducharme2022_tremoflo,R31,F,8,1.28,26,0.488,0.516872009,0.386648216,0.647095802,0.516872009,kPa,-0.3647141098
C2,ducharme2022_tremoflo,R37,F,8,1.28,26,0.416,0.5295889709,0.4075704379,0.6516075039,0.5295889709,kPa,-1.531356364
C2,ducharme2022_tremoflo,R41,F,8,1.28,26,0.368,0.5425173025,0.409282337,0.675752268,0.5425173025,kPa,-2.154696867
C2,ducharme2022_tremoflo,R5_R19,F,8,1.28,26,0.2,0.178055,-0.00182246,0.35793246,0.178055,kPa,0.2006895416
C2,ducharme2022_tremoflo,R7_R19,F,8,1.28,26,0.2,0.1225323,-0.0287486445,0.2738132445,0.1225323,kPa,0.8423689244
C2,ducharme2022_tremoflo,X5,F,8,1.28,26,-0.3,-0.2983619,-0.4355754625,-0.1611483375,-0.2983619,kPa,-0.01963854338
C2,ducharme2022_tremoflo,X5_insp,F,8,1.28,26,-0.3,-0.3074531,-0.4403284685,-0.1745777315,-0.3074531,kPa,0.09226954279
C2,ducharme2022_tremoflo,X5_exp,F,8,1.28,26,-0.3,-0.28909,-0.4351681385,-0.1430118615,-0.28909,kPa,-0.1228585618
C2,ducharme2022_tremoflo,X7,F,8,1.28,26,-0.25,-0.2307792,-0.3566402885,-0.1049181115,-0.2307792,kPa,-0.25121518
C2,ducharme2022_tremoflo,X7_insp,F,8,1.28,26,-0.25,-0.2222211,-0.3445694555,-0.0998727445,-0.2222211,kPa,-0.3734932955
C2,ducharme2022_tremoflo,X7_exp,F,8,1.28,26,-0.25,-0.2347607,-0.3681529275,-0.1013684725,-0.2347607,kPa,-0.1879318531
C2,ducharme2022_tremoflo,X11,F,8,1.28,26,-0.15,-0.178686,-0.3202746045,-0.0370973955,-0.178686,kPa,0.333278728
C2,ducharme2022_tremoflo,X13,F,8,1.28,26,-0.1,-0.1659754,-0.3061078505,-0.0258429495,-0.1659754,kPa,0.7744782355
C2,ducharme2022_tremoflo,X17,F,8,1.28,26,5.551115123e-17,-0.121455,-0.244121334,0.001211334,-0.121455,kPa,1.628755572
C2,ducharme2022_tremoflo,X19,F,8,1.28,26,0.05,-0.0956758,-0.2135997635,0.0222481635,-0.0956758,kPa,2.032128873
C2,ducharme2022_tremoflo,Fres_5_37,F,8,1.28,26,20,23.9599882,16.41724076,31.50273564,23.9599882,Hz,-0.8636349877
C2,ducharme2022_tremoflo,Fres_7_41,F,8,1.28,26,20,25.3622939,16.58678659,34.13780121,25.3622939,Hz,-1.005181029
C2,ducharme2022_tremoflo,AX_5_37,F,8,1.28,26,3,2.729080542,1.061276807,5.170179628,2.729080542,kPa,0.2117934063
C2,ducharme2022_tremoflo,AX_7_41,F,8,1.28,26,3,2.256914003,0.7045384716,4.688255164,2.256914003,kPa,0.5700940634
C3,gochicoa2023,R5,M,12,1.52,45,0.8,0.438155981,0.267075981,0.609235981,0.438155981,kPa,3.479269413
C3,gochicoa2023,R10,M,12,1.52,45,0.65,0.3756296931,0.2383654317,0.5128939545,0.3756296931,kPa,3.288103912
C3,gochicoa2023,R15,M,12,1.52,45,0.58,0.3454965432,0.2147334369,0.4762596494,0.3454965432,kPa,2.950053708
C3,gochicoa2023,R20,M,12,1.52,45,0.52,0.3209144488,0.1917819488,0.4500469488,0.3209144488,kPa,2.536121672
C3,gochicoa2023,R5_R20,M,12,1.52,45,0.25,0.1185158957,-0.003049604344,0.2400813957,0.1185158957,kPa,1.779216568
C3,gochicoa2023,X5,M,12,1.52,45,-0.3,-0.1465837042,-0.2411712042,-0.05199620421,-0.1465837042,kPa,-2.668109492
C3,gochicoa2023,X10,M,12,1.52,45,-0.1,-0.05935599482,-0.1335121013,0.01480011168,-0.05935599482,kPa,-0.9016032756
C3,gochicoa2023,X15,M,12,1.52,45,0,-0.02558961587,-0.09885738947,0.04767815773,-0.02558961587,kPa,0.5745352429
C3,gochicoa2023,X20,M,12,1.52,45,0.08,0.02007402339,-0.03766547661,0.07781352339,0.02007402339,kPa,1.707292781
C3,gochicoa2023,AX,M,12,1.52,45,3,0.6818315404,0.3193978866,1.455533267,0.6818315404,kPa,3.213850214
C3,gochicoa2023,Fres,M,12,1.52,45,20,17.71641894,12.45241894,22.98041894,17.71641894,Hz,0.7136190812
C3,nowowiejska2008,R5,M,12,1.52,45,0.8,0.4751142393,0.3251812694,0.6941775607,0.4751142393,kPa,2.260548584
C3,nowowiejska2008,R10,M,12,1.52,45,0.65,0.3963728382,0.2733041504,0.5748592792,0.3963728382,kPa,2.188571168
C3,nowowiejska2008,R15,M,12,1.52,45,0.58,0.3725440474,0.2590806178,0.5356983801,0.3725440474,kPa,2.004858807
C3,nowowiejska2008,R20,M,12,1.52,45,0.52,0.3479139848,0.239418072,0.5055764579,0.3479139848,kPa,1.768809562
C3,nowowiejska2008,X5,M,12,1.52,45,-0.3,-0.167,-0.25583,-0.07817,-0.167,kPa,-2.462962963
C3,nowowiejska2008,X10,M,12,1.52,45,-0.1,-0.0578,-0.1451495,0.0295495,-0.0578,kPa,-0.7947269303
C3,nowowiejska2008,X15,M,12,1.52,45,0,-0.013,-0.098869,0.072869,-0.013,kPa,0.2490421456
C3,nowowiejska2008,X20,M,12,1.52,45,0.08,0.0518,-0.0233765,0.1269765,0.0518,kPa,0.6170678337
C3,nowowiejska2008,Fres,M,12,1.52,45,20,13.85713136,9.493567842,20.22633564,13.85713136,Hz,1.596051647
C3,wu2022,R5,M,12,1.52,45,0.8,0.584,0.14972,1.01828,0.584,kPa,0.8181818182
C3,wu2022,R20,M,12,1.52,45,0.52,0.404,0.18028,0.62772,0.404,kPa,0.8529411765
C3,wu2022,R5_R20,M,12,1.52,45,0.25,0.136,-0.082785,0.354785,0.136,kPa,0.8571428571
C3,wu2022,X5,M,12,1.52,45,-0.3,-0.166,-0.315695,-0.016305,-0.166,kPa,-1.472527473
C3,wu2022,Fres,M,12,1.52,45,20,16.088,10.141325,22.034675,16.088,Hz,1.082157676
C3,ducharme2022_resmon,R5,M,12,1.52,45,0.8,0.4385379613,0.2821178723,0.5949580503,0.4385379613,kPa,3.801334326
C3,ducharme2022_resmon,R5_insp,M,12,1.52,45,0.8,0.4079936779,0.2672103009,0.5487770549,0.4079936779,kPa,4.58044418
C3,ducharme2022_resmon,R5_exp,M,12,1.52,45,0.8,0.4639958364,0.2824018189,0.6455898539,0.4639958364,kPa,3.043750321
C3,ducharme2022_resmon,R8,M,12,1.52,45,0.764,0.4229549529,0.2743724664,0.5715374394,0.4229549529,kPa,3.775809086
C3,ducharme2022_resmon,R8_insp,M,12,1.52,45,0.764,0.3950666082,0.2556403562,0.5344928602,0.3950666082,kPa,4.352806024
C3,ducharme2022_resmon,R8_exp,M,12,1.52,45,0.764,0.447672563,0.2815606275,0.6137844985,0.447672563,kPa,3.132578236
C3,ducharme2022_resmon,R11,M,12,1.52,45,0.728,0.4059352154,0.2738384254,0.5380320054,0.4059352154,kPa,4.01066953
C3,ducharme2022_resmon,R19,M,12,1.52,45,0.632,0.3631607156,0.2354710451,0.4908503861,0.3631607156,kPa,3.463401707
C3,ducharme2022_resmon,R5_R19,M,12,1.52,45,0.2,0.078118,-0.03965084,0.19588684,0.078118,kPa,1.702452788
C3,ducharme2022_resmon,X5,M,12,1.52,45,-0.3,-0.1415586,-0.2255396335,-0.0575775665,-0.1415586,kPa,-3.103511497
C3,ducharme2022_resmon,X5_insp,M,12,1.52,45,-0.3,-0.1238863,-0.209716807,-0.038055793,-0.1238863,kPa,-3.375338753
C3,ducharme2022_resmon,X5_exp,M,12,1.52,45,-0.3,-0.1511764,-0.2404862465,-0.0618665535,-0.1511764,kPa,-2.741185117
C3,ducharme2022_resmon,X8,M,12,1.52,45,-0.225,-0.090053,-0.172218118,-0.007887882,-0.090053,kPa,-2.701728183
C3,ducharme2022_resmon,X8_insp,M,12,1.52,45,-0.225,-0.0696152,-0.136926626,-0.002303774,-0.0696152,kPa,-3.797393863
C3,ducharme2022_resmon,X8_exp,M,12,1.52,45,-0.225,-0.106503,-0.2084283515,-0.0045776485,-0.106503,kPa,-1.912454185
C3,ducharme2022_resmon,X11,M,12,1.52,45,-0.15,-0.0520254,-0.141557486,0.037506686,-0.0520254,kPa,-1.800116854
C3,ducharme2022_resmon,X19,M,12,1.52,45,0.05,0.0151569,-0.070414355,0.100728155,0.0151569,kPa,0.6698148753
C3,ducharme2022_tremoflo,R5,M,12,1.52,45,0.8,0.5051517499,0.3198193054,0.6904841944,0.5051517499,kPa,2.617055922
C3,ducharme2022_tremoflo,R5_insp,M,12,1.52,45,0.8,0.4809233871,0.3005721671,0.6612746071,0.4809233871,kPa,2.910327018
C3,ducharme2022_tremoflo,R5_exp,M,12,1.52,45,0.8,0.5234258508,0.3276925648,0.7191591368,0.5234258508,kPa,2.324410348
C3,ducharme2022_tremoflo,R7,M,12,1.52,45,0.776,0.468503222,0.2950105005,0.6419959435,0.468503222,kPa,2.915581676
C3,ducharme2022_tremoflo,R7_insp,M,12,1.52,45,0.776,0.4419298146,0.2781621686,0.6056974606,0.4419298146,kPa,3.355641168
C3,ducharme2022_tremoflo,R7_exp,M,12,1.52,45,0.776,0.4880323912,0.3038726672,0.6721921152,0.4880323912,kPa,2.572260135
C3,ducharme2022_tremoflo,R11,M,12,1.52,45,0.728,0.4517813297,0.2981223732,0.6054402862,0.4517813297,kPa,2.957066239
C3,ducharme2022_tremoflo,R13,M,12,1.52,45,0.704,0.4384551732,0.2908830457,0.5860273007,0.4384551732,kPa,2.960052467
C3,ducharme2022_tremoflo,R17,M,12,1.52,45,0.656,0.4099618797,0.2616735192,0.5582502402,0.4099618797,kPa,2.729362619
C3,ducharme2022_tremoflo,R19,M,12,1.52,45,0.632,0.4048146382,0.2511908847,0.5584383917,0.4048146382,kPa,2.432696192
C3,ducharme2022_tremoflo,R23,M,12,1.52,45,0.584,0.3745181922,0.2331179402,0.5159184442,0.3745181922,kPa,2.437036491
C3,ducharme2022_tremoflo,R29,M,12,1.52,45,0.512,0.3900013415,0.27370856,0.506294123,0.3900013415,kPa,1.725711524
C3,ducharme2022_tremoflo,R31,M,12,1.52,45,0.488,0.4020128603,0.2888641673,0.5151615533,0.4020128603,kPa,1.250114703
C3,ducharme2022_tremoflo,R37,M,12,1.52,45,0.416,0.4105537175,0.3044851045,0.5166223305,0.4105537175,kPa,0.08446546531
C3,ducharme2022_tremoflo,R41,M,12,1.52,45,0.368,0.415864705,0.3027684875,0.5289609225,0.415864705,kPa,-0.696198701
C3,ducharme2022_tremoflo,R5_R19,M,12,1.52,45,0.2,0.102131,-0.033738104,0.238000104,0.102131,kPa,1.184923579
C3,ducharme2022_tremoflo,R7_R19,M,12,1.52,45,0.2,0.0655779,-0.0470876565,0.1782434565,0.0655779,kPa,1.962661539
C3,ducharme2022_tremoflo,X5,M,12,1.52,45,-0.3,-0.1961363,-0.2941383265,-0.0981342735,-0.1961363,kPa,-1.743390342
C3,ducharme2022_tremoflo,X5_insp,M,12,1.52,45,-0.3,-0.2113187,-0.3084251885,-0.1142122115,-0.2113187,kPa,-1.502275911
C3,ducharme2022_tremoflo,X5_exp,M,12,1.52,45,-0.3,-0.1819972,-0.2872569665,-0.0767374335,-0.1819972,kPa,-1.844148172
C3,ducharme2022_tremoflo,X7,M,12,1.52,45,-0.25,-0.1415424,-0.2316188165,-0.0514659835,-0.1415424,kPa,-1.980682169
C3,ducharme2022_tremoflo,X7_insp,M,12,1.52,45,-0.25,-0.1352019,-0.2217734795,-0.0486303205,-0.1352019,kPa,-2.181349533
C3,ducharme2022_tremoflo,X7_exp,M,12,1.52,45,-0.25,-0.1419647,-0.2390155875,-0.0449138125,-0.1419647,kPa,-1.831184372
C3,ducharme2022_tremoflo,X11,M,12,1.52,45,-0.15,-0.0940236,-0.1964125125,0.0083653125,-0.0940236,kPa,-0.8993276298
C3,ducharme2022_tremoflo,X13,M,12,1.52,45,-0.1,-0.0793882,-0.1835425265,0.0247661265,-0.0793882,kPa,-0.3255401109
C3,ducharme2022_tremoflo,X17,M,12,1.52,45,5.551115123e-17,-0.0454254,-0.143373306,0.052522506,-0.0454254,kPa,0.7629033233
C3,ducharme2022_tremoflo,X19,M,12,1.52,45,0.05,-0.0279406,-0.1235149355,0.0676337355,-0.0279406,kPa,1.341492843
C3,ducharme2022_tremoflo,Fres_5_37,M,12,1.52,45,20,20.0239522,12.16097459,27.88692981,20.0239522,Hz,-0.005010998498
C3,ducharme2022_tremoflo,Fres_7_41,M,12,1.52,45,20,21.2482331,12.68851952,29.80794668,21.2482331,Hz,-0.2398845979
C3,ducharme2022_tremoflo,AX_5_37,M,12,1.52,45,3,1.365944071,0.2991281589,3.206055336,1.365944071,kPa,1.490250549
C3,ducharme2022_tremoflo,AX_7_41,M,12,1.52,45,3,1.032886219,0.1248739613,2.819864106,1.032886219,kPa,1.776031532
C4,gochicoa2023,R5,F,16,1.62,55,0.8,0.3234228908,0.1523428908,0.4945028908,0.3234228908,kPa,4.582472204
C4,gochicoa2023,R10,F,16,1.62,55,0.65,0.2740632658,0.1367990044,0.4113275272,0.2740632658,kPa,4.505294542
C4,gochicoa2023,R15,F,16,1.62,55,0.58,0.265299611,0.1345365048,0.3960627173,0.265299611,kPa,3.95893119
C4,gochicoa2023,R20,F,16,1.62,55,0.52,0.2576182311,0.1284857311,0.3867507311,0.2576182311,kPa,3.342442916
C4,gochicoa2023,R5_R20,F,16,1.62,55,0.25,0.07258110053,-0.04898439947,0.1941466005,0.07258110053,kPa,2.400797016
C4,gochicoa2023,X5,F,16,1.62,55,-0.3,-0.118751793,-0.213339293,-0.02416429302,-0.118751793,kPa,-3.15214273
C4,gochicoa2023,X10,F,16,1.62,55,-0.1,-0.03765559343,-0.1118116999,0.03650051307,-0.03765559343,kPa,-1.382981843
C4,gochicoa2023,X15,F,16,1.62,55,0,0.003357698515,-0.06991007508,0.07662547212,0.003357698515,kPa,-0.07538667802
C4,gochicoa2023,X20,F,16,1.62,55,0.08,0.03685429764,-0.02088520236,0.09459379764,0.03685429764,kPa,1.229222289
C4,gochicoa2023,AX,F,16,1.62,55,3,0.5198386939,0.2435137866,1.109720609,0.5198386939,kPa,3.802275506
C4,gochicoa2023,Fres,F,16,1.62,55,20,15.84301192,10.57901192,21.10701192,15.84301192,Hz,1.299058775
C4,nowowiejska2008,R5,F,16,1.62,55,0.8,0.3979615048,0.2824136327,0.5607851072,0.3979615048,kPa,3.348951792
C4,nowowiejska2008,R10,F,16,1.62,55,0.65,0.3354105417,0.2386123525,0.4714769805,0.3354105417,kPa,3.196217797
C4,nowowiejska2008,R15,F,16,1.62,55,0.58,0.3289005018,0.2364574506,0.4574841682,0.3289005018,kPa,2.827880481
C4,nowowiejska2008,R20,F,16,1.62,55,0.52,0.3172706766,0.2240798091,0.4492179936,0.3172706766,kPa,2.337150107
C4,nowowiejska2008,X5,F,16,1.62,55,-0.3,-0.114,-0.2033235,-0.0246765,-0.114,kPa,-3.425414365
C4,nowowiejska2008,X10,F,16,1.62,55,-0.1,-0.0104,-0.097914,0.077114,-0.0104,kPa,-1.684210526
C4,nowowiejska2008,X15,F,16,1.62,55,0,0.0264,-0.059798,0.112598,0.0264,kPa,-0.5038167939
C4,nowowiejska2008,X20,F,16,1.62,55,0.08,0.0764,-0.001902,0.154702,0.0764,kPa,0.0756302521
C4,nowowiejska2008,Fres,F,16,1.62,55,20,11.87220555,8.14305975,17.30912813,11.87220555,Hz,2.27544622
C4,wu2022,R5,F,16,1.62,55,0.8,0.399,0.10948,0.68852,0.399,kPa,2.278409091
C4,wu2022,R20,F,16,1.62,55,0.52,0.334,0.131665,0.536335,0.334,kPa,1.512195122
C4,wu2022,R5_R20,F,16,1.62,55,0.25,0.057,-0.15685,0.27085,0.057,kPa,1.484615385
C4,wu2022,X5,F,16,1.62,55,-0.3,-0.143,-0.289405,0.003405,-0.143,kPa,-1.764044944
C4,wu2022,Fres,F,16,1.62,55,20,14.445,7.820585,21.069415,14.445,Hz,1.379438788
C4,ducharme2022_resmon,R5,F,16,1.62,55,0.8,0.3671084759,0.2294759319,0.5047410199,0.3671084759,kPa,5.173969299
C4,ducharme2022_resmon,R5_insp,F,16,1.62,55,0.8,0.3423123687,0.2222740867,0.4623506507,0.3423123687,kPa,6.272133697
C4,ducharme2022_resmon,R5_exp,F,16,1.62,55,0.8,0.38795082,0.2264011275,0.5495005125,0.38795082,kPa,4.195742441
C4,ducharme2022_resmon,R8,F,16,1.62,55,0.764,0.3559362632,0.2247545867,0.4871179397,0.3559362632,kPa,5.117062572
C4,ducharme2022_resmon,R8_insp,F,16,1.62,55,0.764,0.3324286927,0.2108424657,0.4540149197,0.3324286927,kPa,5.838940956
C4,ducharme2022_resmon,R8_exp,F,16,1.62,55,0.764,0.3770602839,0.2285498484,0.5255707194,0.3770602839,kPa,4.286000716
C4,ducharme2022_resmon,R11,F,16,1.62,55,0.728,0.3451429155,0.2277442005,0.4625416305,0.3451429155,kPa,5.364623489
C4,ducharme2022_resmon,R19,F,16,1.62,55,0.632,0.3208925972,0.2097812367,0.4320039577,0.3208925972,kPa,4.60593476
C4,ducharme2022_resmon,R5_R19,F,16,1.62,55,0.2,0.049817,-0.052780005,0.152414005,0.049817,kPa,2.407975116
C4,ducharme2022_resmon,X5,F,16,1.62,55,-0.3,-0.1100286,-0.1763373985,-0.0437198015,-0.1100286,kPa,-4.712842942
C4,ducharme2022_resmon,X5_insp,F,16,1.62,55,-0.3,-0.0938513,-0.162387922,-0.025314678,-0.0938513,kPa,-4.947932968
C4,ducharme2022_resmon,X5_exp,F,16,1.62,55,-0.3,-0.1191154,-0.1906016715,-0.0476291285,-0.1191154,kPa,-4.162409939
C4,ducharme2022_resmon,X8,F,16,1.62,55,-0.225,-0.062723,-0.130398958,0.004952958,-0.062723,kPa,-3.944468211
C4,ducharme2022_resmon,X8_insp,F,16,1.62,55,-0.225,-0.0441042,-0.099783831,0.011575431,-0.0441042,kPa,-5.344388705
C4,ducharme2022_resmon,X8_exp,F,16,1.62,55,-0.225,-0.077335,-0.1615223165,0.0068523165,-0.077335,kPa,-2.885338732
C4,ducharme2022_resmon,X11,F,16,1.62,55,-0.15,-0.0251374,-0.102085236,0.051810436,-0.0251374,kPa,-2.66932753
C4,ducharme2022_resmon,X19,F,16,1.62,55,0.05,0.0383859,-0.04328835,0.12006015,0.0383859,kPa,0.2339194361
C4,ducharme2022_tremoflo,R5,F,16,1.62,55,0.8,0.4237882326,0.2601500481,0.5874264171,0.4237882326,kPa,3.781931212
C4,ducharme2022_tremoflo,R5_insp,F,16,1.62,55,0.8,0.4030428883,0.2439384883,0.5621472883,0.4030428883,kPa,4.104188499
C4,ducharme2022_tremoflo,R5_exp,F,16,1.62,55,0.8,0.439443599,0.265495048,0.61339215,0.439443599,kPa,3.409716702
C4,ducharme2022_tremoflo,R7,F,16,1.62,55,0.776,0.3950798826,0.2416890611,0.5484707041,0.3950798826,kPa,4.0850788
C4,ducharme2022_tremoflo,R7_insp,F,16,1.62,55,0.776,0.3720975604,0.2267703644,0.5174247564,0.3720975604,kPa,4.571886966
C4,ducharme2022_tremoflo,R7_exp,F,16,1.62,55,0.776,0.4122165339,0.2488183549,0.5756147129,0.4122165339,kPa,3.662365183
C4,ducharme2022_tremoflo,R11,F,16,1.62,55,0.728,0.3822704258,0.2478119093,0.5167289423,0.3822704258,kPa,4.229744344
C4,ducharme2022_tremoflo,R13,F,16,1.62,55,0.704,0.3744613446,0.2452951221,0.5036275671,0.3744613446,kPa,4.196848662
C4,ducharme2022_tremoflo,R17,F,16,1.62,55,0.656,0.3574052096,0.2279142641,0.4868961551,0.3574052096,kPa,3.793226069
C4,ducharme2022_tremoflo,R19,F,16,1.62,55,0.632,0.3565673988,0.2213314553,0.4918033423,0.3565673988,kPa,3.35034176
C4,ducharme2022_tremoflo,R23,F,16,1.62,55,0.584,0.3347678743,0.2081446573,0.4613910913,0.3347678743,kPa,3.237848923
C4,ducharme2022_tremoflo,R29,F,16,1.62,55,0.512,0.3505022686,0.2420034971,0.4590010401,0.3505022686,kPa,2.448541716
C4,ducharme2022_tremoflo,R31,F,16,1.62,55,0.488,0.3610134008,0.2549793328,0.4670474688,0.3610134008,kPa,1.970055093
C4,ducharme2022_tremoflo,R37,F,16,1.62,55,0.416,0.3662689058,0.2668460928,0.4656917188,0.3662689058,kPa,0.8228257425
C4,ducharme2022_tremoflo,R41,F,16,1.62,55,0.368,0.3683041086,0.2635990361,0.4730091811,0.3683041086,kPa,-0.004777788156
C4,ducharme2022_tremoflo,R5_R19,F,16,1.62,55,0.2,0.070496,-0.047036289,0.188028289,0.070496,kPa,1.812557909
C4,ducharme2022_tremoflo,R7_R19,F,16,1.62,55,0.2,0.0418469,-0.0547289115,0.1384227115,0.0418469,kPa,2.693861387
C4,ducharme2022_tremoflo,X5,F,16,1.62,55,-0.3,-0.1586083,-0.2402721865,-0.0769444135,-0.1586083,kPa,-2.848129773
C4,ducharme2022_tremoflo,X5_insp,F,16,1.62,55,-0.3,-0.1722487,-0.2544514885,-0.0900459115,-0.1722487,kPa,-2.556493427
C4,ducharme2022_tremoflo,X5_exp,F,16,1.62,55,-0.3,-0.1464872,-0.2347393115,-0.0582350885,-0.1464872,kPa,-2.861444919
C4,ducharme2022_tremoflo,X7,F,16,1.62,55,-0.25,-0.1104804,-0.1856465365,-0.0353142635,-0.1104804,kPa,-3.053366219
C4,ducharme2022_tremoflo,X7_insp,F,16,1.62,55,-0.25,-0.1046219,-0.1762864895,-0.0329573105,-0.1046219,kPa,-3.337031247
C4,ducharme2022_tremoflo,X7_exp,F,16,1.62,55,-0.25,-0.1109497,-0.1928583625,-0.0290410375,-0.1109497,kPa,-2.79259527
C4,ducharme2022_tremoflo,X11,F,16,1.62,55,-0.15,-0.0628956,-0.1489513075,0.0231601075,-0.0628956,kPa,-1.665046307
C4,ducharme2022_tremoflo,X13,F,16,1.62,55,-0.1,-0.0477982,-0.1369616415,0.0413652415,-0.0477982,kPa,-0.9630848648
C4,ducharme2022_tremoflo,X17,F,16,1.62,55,5.551115123e-17,-0.0164664,-0.104114961,0.071182161,-0.0164664,kPa,0.3090436134
C4,ducharme2022_tremoflo,X19,F,16,1.62,55,0.05,-0.0015536,-0.0878155905,0.0847083905,-0.0015536,kPa,0.9831174948
C4,ducharme2022_tremoflo,Fres_5_37,F,16,1.62,55,20,17.8114112,9.815004348,25.80781805,17.8114112,Hz,0.4502307902
C4,ducharme2022_tremoflo,Fres_7_41,F,16,1.62,55,20,18.9237071,10.45390758,27.39350662,18.9237071,Hz,0.2090370398
C4,ducharme2022_tremoflo,AX_5_37,F,16,1.62,55,3,0.9358223231,0.1194180029,2.525521996,0.9358223231,kPa,2.022941025
C4,ducharme2022_tremoflo,AX_7_41,F,16,1.62,55,3,0.6622917617,0.02276420106,2.180784951,0.6622917617,kPa,2.278505478
C5,gochicoa2023,R5,F,7.365,1.24,24,0.8,0.6841116079,0.4488766079,0.9193466079,0.6841116079,kPa,0.8104083366
C5,gochicoa2023,R10,F,7.365,1.24,24,0.65,0.5745605888,0.3781329483,0.7709882293,0.5745605888,kPa,0.6317737724
C5,gochicoa2023,R15,F,7.365,1.24,24,0.58,0.5302886261,0.3469370906,0.7136401616,0.5302886261,kPa,0.4460023192
C5,gochicoa2023,R20,F,7.365,1.24,24,0.52,0.4977212717,0.3167712717,0.6786712717,0.4977212717,kPa,0.202533894
C5,gochicoa2023,R5_R20,F,7.365,1.24,24,0.25,0.1897144913,0.06814899134,0.3112799913,0.1897144913,kPa,0.8157714297
C5,gochicoa2023,X5,F,7.365,1.24,24,-0.3,-0.2480495769,-0.3426370769,-0.1534620769,-0.2480495769,kPa,-0.9034856199
C5,gochicoa2023,X10,F,7.365,1.24,24,-0.1,-0.1242133505,-0.198369457,-0.05005724396,-0.1242133505,kPa,0.5371231498
C5,gochicoa2023,X15,F,7.365,1.24,24,0,-0.07546422648,-0.1487320001,-0.002196452885,-0.07546422648,kPa,1.694314519
C5,gochicoa2023,X20,F,7.365,1.24,24,0.08,-0.01557730946,-0.07331680946,0.04216219054,-0.01557730946,kPa,2.723000269
C5,gochicoa2023,AX,F,7.365,1.24,24,3,1.598516036,0.7488105396,3.412416602,1.598516036,kPa,1.365589083
C5,gochicoa2023,Fres,F,7.365,1.24,24,20,20.76822828,16.31027828,25.22617828,20.76822828,Hz,-0.2834790714
C5,nowowiejska2008,R5,F,7.365,1.24,24,0.8,0.7506618462,0.5327076523,1.057790713,0.7506618462,kPa,0.3053067083
C5,nowowiejska2008,R10,F,7.365,1.24,24,0.65,0.6448097287,0.458720127,0.9063905456,0.6448097287,kPa,0.03872987395
C5,nowowiejska2008,R15,F,7.365,1.24,24,0.58,0.6041093829,0.434314219,0.8402859739,0.6041093829,kPa,-0.2030267968
C5,nowowiejska2008,R20,F,7.365,1.24,24,0.52,0.5504605431,0.3887755866,0.7793874409,0.5504605431,kPa,-0.2692831949
C5,nowowiejska2008,X5,F,7.365,1.24,24,-0.3,-0.266,-0.3553235,-0.1766765,-0.266,kPa,-0.6261510129
C5,nowowiejska2008,X10,F,7.365,1.24,24,-0.1,-0.0978,-0.185314,-0.010286,-0.0978,kPa,-0.04135338346
C5,nowowiejska2008,X15,F,7.365,1.24,24,0,-0.0572,-0.143398,0.028998,-0.0572,kPa,1.091603053
C5,nowowiejska2008,X20,F,7.365,1.24,24,0.08,0.0118,-0.066502,0.090102,0.0118,kPa,1.432773109
C5,nowowiejska2008,Fres,F,7.365,1.24,24,20,17.96454333,12.32175008,26.19147562,17.96454333,Hz,0.4682908968
C5,wu2022,R5,F,7.365,1.24,24,0.8,0.774065,0.484545,1.063585,0.774065,kPa,0.1473579545
C5,wu2022,R20,F,7.365,1.24,24,0.52,0.525715,0.32338,0.72805,0.525715,kPa,-0.04646341463
C5,wu2022,R5_R20,F,7.365,1.24,24,0.25,0.25062,0.03677,0.46447,0.25062,kPa,-0.004769230769
C5,wu2022,X5,F,7.365,1.24,24,-0.3,-0.27081,-0.417215,-0.124405,-0.27081,kPa,-0.3279775281
C5,wu2022,Fres,F,7.365,1.24,24,20,19.773405,13.14899,26.39782,19.773405,Hz,0.05626893469
C5,ducharme2022_resmon,R5,F,7.365,1.24,24,0.8,0.6608864097,0.4518611947,0.8699116247,0.6608864097,kPa,1.094805026
C5,ducharme2022_resmon,R5_insp,F,7.365,1.24,24,0.8,0.6112353535,0.4123657105,0.8101049965,0.6112353535,kPa,1.561413993
C5,ducharme2022_resmon,R5_exp,F,7.365,1.24,24,0.8,0.7016211451,0.4639030176,0.9393392726,0.7016211451,kPa,0.6807777683
C5,ducharme2022_resmon,R8,F,7.365,1.24,24,0.764,0.6410878372,0.4437830827,0.8383925917,0.6410878372,kPa,1.024762472
C5,ducharme2022_resmon,R8_insp,F,7.365,1.24,24,0.764,0.5955141672,0.4061358452,0.7848924892,0.5955141672,kPa,1.463521231
C5,ducharme2022_resmon,R8_exp,F,7.365,1.24,24,0.764,0.679741704,0.4643455685,0.8951378395,0.679741704,kPa,0.6434883178
C5,ducharme2022_resmon,R11,F,7.365,1.24,24,0.728,0.5921995045,0.4189481045,0.7654509045,0.5921995045,kPa,1.289408427
C5,ducharme2022_resmon,R19,F,7.365,1.24,24,0.632,0.4979825713,0.3238736328,0.6720915098,0.4979825713,kPa,1.266211098
C5,ducharme2022_resmon,R5_R19,F,7.365,1.24,24,0.2,0.1573608,-0.002889178,0.317610778,0.1573608,kPa,0.4377004283
C5,ducharme2022_resmon,X5,F,7.365,1.24,24,-0.3,-0.2553786,-0.3888418915,-0.1219153085,-0.2553786,kPa,-0.5499804641
C5,ducharme2022_resmon,X5_insp,F,7.365,1.24,24,-0.3,-0.2320307,-0.366284085,-0.097777315,-0.2320307,kPa,-0.8328244275
C5,ducharme2022_resmon,X5_exp,F,7.365,1.24,24,-0.3,-0.271484,-0.4106998565,-0.1322681435,-0.271484,kPa,-0.3369502669
C5,ducharme2022_resmon,X8,F,7.365,1.24,24,-0.225,-0.1887082,-0.311442966,-0.065973434,-0.1887082,kPa,-0.4864148354
C5,ducharme2022_resmon,X8_insp,F,7.365,1.24,24,-0.225,-0.16073,-0.260610452,-0.060849548,-0.16073,kPa,-1.058506924
C5,ducharme2022_resmon,X8_exp,F,7.365,1.24,24,-0.225,-0.2107302,-0.3623220495,-0.0591383505,-0.2107302,kPa,-0.1548488331
C5,ducharme2022_resmon,X11,F,7.365,1.24,24,-0.15,-0.1401862,-0.264954186,-0.015418214,-0.1401862,kPa,-0.1293897699
C5,ducharme2022_resmon,X19,F,7.365,1.24,24,0.05,-0.0549915,-0.151474369,0.041491369,-0.0549915,kPa,1.790069256
C5,ducharme2022_tremoflo,R5,F,7.365,1.24,24,0.8,0.7572398749,0.5111635024,1.003316247,0.7572398749,kPa,0.2858478651
C5,ducharme2022_tremoflo,R5_insp,F,7.365,1.24,24,0.8,0.726957182,0.487114866,0.966799498,0.726957182,kPa,0.5009767984
C5,ducharme2022_tremoflo,R5_exp,F,7.365,1.24,24,0.8,0.7808483673,0.5241178233,1.037578911,0.7808483673,kPa,0.122714015
C5,ducharme2022_tremoflo,R7,F,7.365,1.24,24,0.776,0.7052938884,0.4755158469,0.9350719299,0.7052938884,kPa,0.5061908995
C5,ducharme2022_tremoflo,R7_insp,F,7.365,1.24,24,0.776,0.6723008132,0.4568999072,0.8877017192,0.6723008132,kPa,0.791942641
C5,ducharme2022_tremoflo,R7_exp,F,7.365,1.24,24,0.776,0.732142948,0.489850898,0.974434998,0.732142948,kPa,0.2977598754
C5,ducharme2022_tremoflo,R11,F,7.365,1.24,24,0.728,0.6747089947,0.4672888062,0.8821291832,0.6747089947,kPa,0.4226382413
C5,ducharme2022_tremoflo,R13,F,7.365,1.24,24,0.704,0.6432225517,0.4441138902,0.8423312132,0.6432225517,kPa,0.5021323617
C5,ducharme2022_tremoflo,R17,F,7.365,1.24,24,0.656,0.5793480265,0.378426904,0.780269149,0.5793480265,kPa,0.6275721282
C5,ducharme2022_tremoflo,R19,F,7.365,1.24,24,0.632,0.5626128178,0.3575031963,0.7677224393,0.5626128178,kPa,0.5564922496
C5,ducharme2022_tremoflo,R23,F,7.365,1.24,24,0.584,0.5105827799,0.3278068299,0.6933587299,0.5105827799,kPa,0.6607615887
C5,ducharme2022_tremoflo,R29,F,7.365,1.24,24,0.512,0.5240732051,0.3859571956,0.6621892146,0.5240732051,kPa,-0.1437952232
C5,ducharme2022_tremoflo,R31,F,7.365,1.24,24,0.488,0.5384742508,0.4054046078,0.6715438938,0.5384742508,kPa,-0.6239600614
C5,ducharme2022_tremoflo,R37,F,7.365,1.24,24,0.416,0.5510795535,0.4264027005,0.6757564065,0.5510795535,kPa,-1.782254366
C5,ducharme2022_tremoflo,R41,F,7.365,1.24,24,0.368,0.565105918,0.4285144945,0.7016973415,0.565105918,kPa,-2.37378912
C5,ducharme2022_tremoflo,R5_R19,F,7.365,1.24,24,0.2,0.190709,0.003496814,0.377921186,0.190709,kPa,0.08163835553
C5,ducharme2022_tremoflo,R7_R19,F,7.365,1.24,24,0.2,0.1320247,-0.0256921425,0.2897415425,0.1320247,kPa,0.7089881253
C5,ducharme2022_tremoflo,X5,F,7.365,1.24,24,-0.3,-0.3170683,-0.4608171185,-0.1733194815,-0.3170683,kPa,0.1953223254
C5,ducharme2022_tremoflo,X5_insp,F,7.365,1.24,24,-0.3,-0.3238003,-0.4626371485,-0.1849634515,-0.3238003,kPa,0.2819964147
C5,ducharme2022_tremoflo,X5_exp,F,7.365,1.24,24,-0.3,-0.3099404,-0.4628216005,-0.1570591995,-0.3099404,kPa,0.1069585923
C5,ducharme2022_tremoflo,X7,F,7.365,1.24,24,-0.25,-0.247668,-0.3794932005,-0.1158427995,-0.247668,kPa,-0.02910020228
C5,ducharme2022_tremoflo,X7_insp,F,7.365,1.24,24,-0.25,-0.2385947,-0.3669058515,-0.1102835485,-0.2385947,kPa,-0.1462204826
C5,ducharme2022_tremoflo,X7_exp,F,7.365,1.24,24,-0.25,-0.2527467,-0.3921958175,-0.1132975825,-0.2527467,kPa,0.03240121975
C5,ducharme2022_tremoflo,X11,F,7.365,1.24,24,-0.15,-0.1941628,-0.3422846865,-0.0460409135,-0.1941628,kPa,0.4904596324
C5,ducharme2022_tremoflo,X13,F,7.365,1.24,24,-0.1,-0.181885,-0.3280138045,-0.0357561955,-0.181885,kPa,0.9217951619
C5,ducharme2022_tremoflo,X17,F,7.365,1.24,24,5.551115123e-17,-0.1350226,-0.261808672,-0.008236528,-0.1350226,kPa,1.751865749
C5,ducharme2022_tremoflo,X19,F,7.365,1.24,24,0.05,-0.1075698,-0.2292187015,0.0140791015,-0.1075698,kPa,2.130741156
C5,ducharme2022_tremoflo,Fres_5_37,F,7.365,1.24,24,20,24.4273974,16.93802166,31.91677314,24.4273974,Hz,-0.9724533761
C5,ducharme2022_tremoflo,Fres_7_41,F,7.365,1.24,24,20,25.8469195,17.03544657,34.65839243,25.8469195,Hz,-1.09155219
C5,ducharme2022_tremoflo,AX_5_37,F,7.365,1.24,24,3,3.001679952,1.233711581,5.542943675,3.001679952,kPa,-0.001282784209
C5,ducharme2022_tremoflo,AX_7_41,F,7.365,1.24,24,3,2.506844273,0.8470748625,5.045579312,2.506844273,kPa,0.3691044853
A4,berger2021,R5,F,28,1.58,50,0.45,0.3427794679,0.2285058678,0.514200203,3.495377809,cmH2O,1.104008977
A4,berger2021,R10,F,28,1.58,50,0.38,0.3216242738,0.2146997226,0.4817992881,3.279654865,cmH2O,0.6788800066
A4,berger2021,R15,F,28,1.58,50,0.35,0.3225655998,0.2180191005,0.4772451862,3.289253719,cmH2O,0.3427817938
A4,berger2021,R20,F,28,1.58,50,0.33,0.3469084271,0.237867619,0.5059345921,3.537481476,cmH2O,-0.2178307332
A4,berger2021,R5_R15,F,28,1.58,50,0.08,0.01878189875,-0.01322707456,0.06286750231,0.1915220666,cmH2O,2.164849531
A4,berger2021,R5_R20,F,28,1.58,50,0.12,-0.009369751798,-0.0491292298,0.06269263325,-0.0955448782,cmH2O,2.488387138
A4,berger2021,X5,F,28,1.58,50,-0.2,-0.1112397155,-0.1829671983,-0.01493095588,-1.134329415,cmH2O,-2.118836519
A4,berger2021,X10,F,28,1.58,50,-0.02,0.003231446748,-0.05642718371,0.07348787596,0.03295158641,cmH2O,-0.6090108544
A4,berger2021,AX,F,28,1.58,50,1.5,0.2133880379,0.06823647408,0.6673037453,2.175952419,cmH2O,2.813643401
A4,berger2021,Fres,F,28,1.58,50,15,9.986913706,6.448539407,15.4668273,9.986913706,Hz,1.529745382
A4,oostveen2013,R5,F,28,1.58,50,0.45,0.2641217539,0.1706020559,0.4089065664,2.641217539,hPa,2.005409849
A4,oostveen2013,R10,F,28,1.58,50,0.38,0.2524795325,0.1626801798,0.3918480692,2.524795325,hPa,1.530093813
A4,oostveen2013,R20,F,28,1.58,50,0.33,0.2987807976,0.1991162223,0.4483309494,2.987807976,hPa,0.4028474604
A4,oostveen2013,X5,F,28,1.58,50,-0.2,-0.1012526102,-0.1730730445,-0.03843307868,-1.012526102,hPa,-2.209084389
A4,oostveen2013,X10,F,28,1.58,50,-0.02,0.005613976003,-0.05506723897,0.05820361783,0.05613976003,hPa,-0.7232704056
A4,oostveen2013,AX,F,28,1.58,50,1.5,0.1942624706,0.06200724208,0.6086048375,1.942624706,hPa,2.944411122
A4,oostveen2013,Fres,F,28,1.58,50,15,9.68230507,6.366115679,14.72593905,9.68230507,Hz,1.717340922
A4,gochicoa2023,R5,F,28,1.58,50,0.45,0.2736844029,0.1545864029,0.3927824029,0.2736844029,kPa,2.435298303
A4,gochicoa2023,R10,F,28,1.58,50,0.38,0.2412637785,0.1379109125,0.3446166446,0.2412637785,kPa,2.208173736
A4,gochicoa2023,R15,F,28,1.58,50,0.35,0.232903689,0.1337364761,0.3320709019,0.232903689,kPa,1.942410459
A4,gochicoa2023,R20,F,28,1.58,50,0.33,0.2454882892,0.1523812892,0.3385952892,0.2454882892,kPa,1.493139767
A4,gochicoa2023,R5_R20,F,28,1.58,50,0.12,0.02276151796,-0.03448448204,0.08000751796,0.02276151796,kPa,2.794209254
A4,gochicoa2023,X5,F,28,1.58,50,-0.2,-0.1131060458,-0.1802220458,-0.04599004584,-0.1131060458,kPa,-2.129753779
A4,gochicoa2023,X10,F,28,1.58,50,-0.02,-0.03681471004,-0.08857206884,0.01494264876,-0.03681471004,kPa,0.534420586
A4,gochicoa2023,X15,F,28,1.58,50,0.03,0.0052968908,-0.0484656572,0.0590594388,0.0052968908,kPa,0.7558535848
A4,gochicoa2023,X20,F,28,1.58,50,0.06,0.04188304709,-0.01421145291,0.09797754709,0.04188304709,kPa,0.5312889417
A4,gochicoa2023,AX,F,28,1.58,50,1.5,0.399614909,0.143876653,1.109923481,0.399614909,kPa,2.129982337
A4,gochicoa2023,Fres,F,28,1.58,50,15,15.06120775,8.662157754,21.46025775,15.06120775,Hz,-0.01573464125
A4,valach2026,R5,F,28,1.58,50,0.45,0.303268627,0.2189183727,0.4807490897,3.092479358,cmH2O,1.448316817
A4,valach2026,R5_insp,F,28,1.58,50,0.45,0.2850033595,0.2079220202,0.4337069068,2.906225465,cmH2O,1.765256412
A4,valach2026,R5_exp,F,28,1.58,50,0.45,0.316965498,0.2216781755,0.5312543313,3.232148573,cmH2O,1.192778299
A4,valach2026,X5,F,28,1.58,50,-0.2,-0.106529651,-0.1692763239,-0.06639449914,-1.086300123,cmH2O,-2.215390393
A4,valach2026,X5_insp,F,28,1.58,50,-0.2,-0.1189109437,-0.1850662084,-0.07419028653,-1.212554172,cmH2O,-1.934783161
A4,valach2026,X5_exp,F,28,1.58,50,-0.2,-0.09909929656,-0.1681181406,-0.05798095838,-1.010531594,cmH2O,-2.154209365
A4,valach2026,Z5,F,28,1.58,50,0.5,0.3223206479,0.2355814841,0.5001889804,3.286755904,cmH2O,1.643848091
A4,valach2026,Z5_insp,F,28,1.58,50,0.5,0.311683883,0.229333411,0.4606278957,3.178291089,cmH2O,1.937182941
A4,valach2026,Z5_exp,F,28,1.58,50,0.5,0.3313334047,0.2349171272,0.5484965097,3.378660447,cmH2O,1.396742961
A4,valach2026,R5_R19,F,28,1.58,50,0.1,0.0005982053603,-0.03945860922,0.05578433849,0.006099997046,cmH2O,2.693877963
A4,valach2026,R5_R19_insp,F,28,1.58,50,0.1,0.002743327662,-0.03372539565,0.04871560961,0.02797415695,cmH2O,3.163183416
A4,valach2026,R5_R19_exp,F,28,1.58,50,0.1,-0.004444119396,-0.049569983,0.06703459129,-0.04531740601,cmH2O,2.222592016
A4,valach2026,AX,F,28,1.58,50,1.5,0.3143689416,0.1212273483,0.7719906649,3.205671066,cmH2O,2.781045047
A4,valach2026,AX_insp,F,28,1.58,50,1.5,0.3353618319,0.1408564793,0.657101218,3.419738972,cmH2O,4.050402667
A4,valach2026,AX_exp,F,28,1.58,50,1.5,0.2994712033,0.09438269068,0.8491481188,3.053756413,cmH2O,2.490877455
A4,valach2026,Fres,F,28,1.58,50,15,10.97873624,8.418741253,15.94923279,10.97873624,Hz,1.419278055
A4,valach2026,Fres_insp,F,28,1.58,50,15,10.66381106,8.650043498,13.84470739,10.66381106,Hz,2.071837083
A4,valach2026,Fres_exp,F,28,1.58,50,15,11.19620207,8.067914432,19.61190417,11.19620207,Hz,1.002686091
A4,valach2026,R11,F,28,1.58,50,0.414,0.2860848945,0.2125082884,0.4570927452,2.917254052,cmH2O,1.370498942
A4,valach2026,R11_insp,F,28,1.58,50,0.414,0.2577094947,0.1930854767,0.4071935536,2.627905499,cmH2O,1.688662745
A4,valach2026,R11_exp,F,28,1.58,50,0.414,0.3070992666,0.2211578246,0.5033086177,3.131541012,cmH2O,1.09032158
A4,valach2026,X11,F,28,1.58,50,-0.08,0.006418215815,-0.05408199496,0.04988570102,0.06544758725,cmH2O,-2.205914057
A4,valach2026,X11_insp,F,28,1.58,50,-0.08,0.01070323684,-0.03964998013,0.05160526653,0.1091426414,cmH2O,-2.759410191
A4,valach2026,X11_exp,F,28,1.58,50,-0.08,0.003267312135,-0.0745395955,0.05156420114,0.03331731157,cmH2O,-1.733229788
A4,valach2026,R19,F,28,1.58,50,0.366,0.3031362192,0.2318210366,0.4624067885,3.091129174,cmH2O,0.8493320682
A4,valach2026,R19_insp,F,28,1.58,50,0.366,0.2822101206,0.2152630521,0.4232750939,2.877742355,cmH2O,1.145232916
A4,valach2026,R19_exp,F,28,1.58,50,0.366,0.3098651067,0.2358486074,0.5058184986,3.159744732,cmH2O,0.7058806223
A4,valach2026,X19,F,28,1.58,50,0.08,0.1029374022,0.02523300362,0.168734625,1.049669379,cmH2O,-0.5120884105
A4,valach2026,X19_insp,F,28,1.58,50,0.08,0.1196387163,0.05207753464,0.1786606922,1.219975387,cmH2O,-0.9888507055
A4,valach2026,X19_exp,F,28,1.58,50,0.08,0.09267562283,-0.0106289345,0.1641881498,0.9450283515,cmH2O,-0.2367464518
C6,gochicoa2023,R5,M,17.2,1.85,72,0.8,0.2017927779,0.03071277789,0.3728727779,0.2017927779,kPa,5.75199252
C6,gochicoa2023,R10,M,17.2,1.85,72,0.65,0.1806293583,0.04336509688,0.3178936197,0.1806293583,kPa,5.62502357
C6,gochicoa2023,R15,M,17.2,1.85,72,0.58,0.1801898801,0.04942677386,0.3109529864,0.1801898801,kPa,5.029611685
C6,gochicoa2023,R20,M,17.2,1.85,72,0.52,0.175421046,0.04628854604,0.304553546,0.175421046,kPa,4.389540815
C6,gochicoa2023,R5_R20,M,17.2,1.85,72,0.25,0.03566115748,-0.08590434252,0.1572266575,0.03566115748,kPa,2.900390291
C6,gochicoa2023,X5,M,17.2,1.85,72,-0.3,-0.06014493004,-0.15473243,0.03444256996,-0.06014493004,kPa,-4.171392521
C6,gochicoa2023,X10,M,17.2,1.85,72,-0.1,0.001896841868,-0.07225926463,0.07605294837,0.001896841868,kPa,-2.260370896
C6,gochicoa2023,X15,M,17.2,1.85,72,0,0.0305023842,-0.0427653894,0.1037701578,0.0305023842,kPa,-0.6848361776
C6,gochicoa2023,X20,M,17.2,1.85,72,0.08,0.05871983053,0.0009803305255,0.1164593305,0.05871983053,kPa,0.6062726346
C6,gochicoa2023,AX,M,17.2,1.85,72,3,0.3033942796,0.1421223367,0.6476679956,0.3033942796,kPa,4.970356519
C6,gochicoa2023,Fres,M,17.2,1.85,72,20,13.49277523,8.228775227,18.75677523,13.49277523,Hz,2.033507742
C6,nowowiejska2008,R5,M,17.2,1.85,72,0.8,0.2702250902,0.1849494934,0.394819137,0.2702250902,kPa,4.708704767
C6,nowowiejska2008,R10,M,17.2,1.85,72,0.65,0.2210204606,0.1523964393,0.3205458356,0.2210204606,kPa,4.773084442
C6,nowowiejska2008,R15,M,17.2,1.85,72,0.58,0.2182749003,0.1517962679,0.3138676119,0.2182749003,kPa,4.426054459
C6,nowowiejska2008,R20,M,17.2,1.85,72,0.52,0.2127792576,0.1464246965,0.3092033896,0.2127792576,kPa,3.932982098
C6,nowowiejska2008,X5,M,17.2,1.85,72,-0.3,-0.0515,-0.14033,0.03733,-0.0515,kPa,-4.601851852
C6,nowowiejska2008,X10,M,17.2,1.85,72,-0.1,0.0115,-0.0758495,0.0988495,0.0115,kPa,-2.099811676
C6,nowowiejska2008,X15,M,17.2,1.85,72,0,0.053,-0.032869,0.138869,0.053,kPa,-1.01532567
C6,nowowiejska2008,X20,M,17.2,1.85,72,0.08,0.098,0.0228235,0.1731765,0.098,kPa,-0.3938730853
C6,nowowiejska2008,Fres,M,17.2,1.85,72,20,9.929399471,6.802665359,14.49328589,9.929399471,Hz,3.045812412
C6,ducharme2022_resmon,R5,M,17.2,1.85,72,0.8,0.2291097346,0.1346885441,0.3235309251,0.2291097346,kPa,9.946014043
C6,ducharme2022_resmon,R5_insp,M,17.2,1.85,72,0.8,0.2148137297,0.1424891662,0.2871382932,0.2148137297,kPa,13.30988212
C6,ducharme2022_resmon,R5_exp,M,17.2,1.85,72,0.8,0.2414455252,0.1259977802,0.3568932702,0.2414455252,kPa,7.958770534
C6,ducharme2022_resmon,R8,M,17.2,1.85,72,0.764,0.2281667175,0.137006904,0.319326531,0.2281667175,kPa,9.669235991
C6,ducharme2022_resmon,R8_insp,M,17.2,1.85,72,0.764,0.2121537566,0.1315995871,0.2927079261,0.2121537566,kPa,11.26927477
C6,ducharme2022_resmon,R8_exp,M,17.2,1.85,72,0.764,0.2429027552,0.1348757697,0.3509297407,0.2429027552,kPa,7.935100324
C6,ducharme2022_resmon,R11,M,17.2,1.85,72,0.728,0.2250156778,0.1414225353,0.3086088203,0.2250156778,kPa,9.898051266
C6,ducharme2022_resmon,R19,M,17.2,1.85,72,0.632,0.2361746749,0.1631934274,0.3091559224,0.2361746749,kPa,8.921917371
C6,ducharme2022_resmon,R5_R19,M,17.2,1.85,72,0.2,-0.0152753,-0.0829770845,0.0524264845,-0.0152753,kPa,5.230702132
C6,ducharme2022_resmon,X5,M,17.2,1.85,72,-0.3,-0.0557256,-0.081388258,-0.030062942,-0.0557256,kPa,-15.65821389
C6,ducharme2022_resmon,X5_insp,M,17.2,1.85,72,-0.3,-0.0419242,-0.0706848865,-0.0131635135,-0.0419242,kPa,-14.76093733
C6,ducharme2022_resmon,X5_exp,M,17.2,1.85,72,-0.3,-0.0671584,-0.097650449,-0.036666351,-0.0671584,kPa,-12.56145272
C6,ducharme2022_resmon,X8,M,17.2,1.85,72,-0.225,-0.0156512,-0.05000209,0.01869969,-0.0156512,kPa,-10.02532324
C6,ducharme2022_resmon,X8_insp,M,17.2,1.85,72,-0.225,0.0005296,-0.0283969025,0.0294561025,0.0005296,kPa,-12.82547698
C6,ducharme2022_resmon,X8_exp,M,17.2,1.85,72,-0.225,-0.0263394,-0.069729236,0.017050436,-0.0263394,kPa,-7.531641442
C6,ducharme2022_resmon,X11,M,17.2,1.85,72,-0.15,0.0275211,-0.020482961,0.075525161,0.0275211,kPa,-6.08328136
C6,ducharme2022_resmon,X19,M,17.2,1.85,72,0.05,0.0881694,0.0154582615,0.1608805385,0.0881694,kPa,-0.8635356879
C6,ducharme2022_tremoflo,R5,M,17.2,1.85,72,0.8,0.2659440848,0.1522026983,0.3796854713,0.2659440848,kPa,7.723855033
C6,ducharme2022_tremoflo,R5_insp,M,17.2,1.85,72,0.8,0.2532998789,0.1430631649,0.3635365929,0.2532998789,kPa,8.158096033
C6,ducharme2022_tremoflo,R5_exp,M,17.2,1.85,72,0.8,0.2756929865,0.151849326,0.399536647,0.2756929865,kPa,6.964305106
C6,ducharme2022_tremoflo,R7,M,17.2,1.85,72,0.776,0.2542681907,0.1471117392,0.3614246422,0.2542681907,kPa,8.009306152
C6,ducharme2022_tremoflo,R7_insp,M,17.2,1.85,72,0.776,0.2396831587,0.1367689977,0.3425973197,0.2396831587,kPa,8.572592881
C6,ducharme2022_tremoflo,R7_exp,M,17.2,1.85,72,0.776,0.2664908686,0.1508442431,0.3821374941,0.2664908686,kPa,7.247444683
C6,ducharme2022_tremoflo,R11,M,17.2,1.85,72,0.728,0.2482106992,0.1579131947,0.3385082037,0.2482106992,kPa,8.74058928
C6,ducharme2022_tremoflo,R13,M,17.2,1.85,72,0.704,0.2498535332,0.1630208922,0.3366861742,0.2498535332,kPa,8.60357268
C6,ducharme2022_tremoflo,R17,M,17.2,1.85,72,0.656,0.2536613168,0.1674044258,0.3399182078,0.2536613168,kPa,7.67297692
C6,ducharme2022_tremoflo,R19,M,17.2,1.85,72,0.632,0.2613781159,0.1684341354,0.3543220964,0.2613781159,kPa,6.559574875
C6,ducharme2022_tremoflo,R23,M,17.2,1.85,72,0.584,0.2578387731,0.1652027366,0.3504748096,0.2578387731,kPa,5.791862849
C6,ducharme2022_tremoflo,R29,M,17.2,1.85,72,0.512,0.2734890485,0.1829165,0.364061597,0.2734890485,kPa,4.331892187
C6,ducharme2022_tremoflo,R31,M,17.2,1.85,72,0.488,0.2800955455,0.190425115,0.369765976,0.2800955455,kPa,3.813997833
C6,ducharme2022_tremoflo,R37,M,17.2,1.85,72,0.416,0.2766794951,0.1925420221,0.3608169681,0.2766794951,kPa,2.723901994
C6,ducharme2022_tremoflo,R41,M,17.2,1.85,72,0.368,0.271982868,0.186577429,0.357388307,0.271982868,kPa,1.849392545
C6,ducharme2022_tremoflo,R5_R19,M,17.2,1.85,72,0.2,-0.0022645,-0.0776221145,0.0730931145,-0.0022645,kPa,4.415281783
C6,ducharme2022_tremoflo,R7_R19,M,17.2,1.85,72,0.2,-0.0127344,-0.072303798,0.046834998,-0.0127344,kPa,5.87462858
C6,ducharme2022_tremoflo,X5,M,17.2,1.85,72,-0.3,-0.083603,-0.1276891645,-0.0395168355,-0.083603,kPa,-8.074484797
C6,ducharme2022_tremoflo,X5_insp,M,17.2,1.85,72,-0.3,-0.0845888,-0.1325130785,-0.0366645215,-0.0845888,kPa,-7.393985577
C6,ducharme2022_tremoflo,X5_exp,M,17.2,1.85,72,-0.3,-0.0851554,-0.134289905,-0.036020895,-0.0851554,kPa,-7.192895644
C6,ducharme2022_tremoflo,X7,M,17.2,1.85,72,-0.25,-0.0526998,-0.0935722925,-0.0118273075,-0.0526998,kPa,-7.940764293
C6,ducharme2022_tremoflo,X7_insp,M,17.2,1.85,72,-0.25,-0.0469632,-0.0843417125,-0.0095846875,-0.0469632,kPa,-8.935495654
C6,ducharme2022_tremoflo,X7_exp,M,17.2,1.85,72,-0.25,-0.0566927,-0.103774245,-0.009611155,-0.0566927,kPa,-6.754037245
C6,ducharme2022_tremoflo,X11,M,17.2,1.85,72,-0.15,-0.000561,-0.049050336,0.047928336,-0.000561,kPa,-5.069715844
C6,ducharme2022_tremoflo,X13,M,17.2,1.85,72,-0.1,0.01484,-0.039844406,0.069524406,0.01484,kPa,-3.454582646
C6,ducharme2022_tremoflo,X17,M,17.2,1.85,72,5.551115123e-17,0.0440673,-0.0198927675,0.1080273675,0.0440673,kPa,-1.133374484
C6,ducharme2022_tremoflo,X19,M,17.2,1.85,72,0.05,0.0550379,-0.009805697,0.119881497,0.0550379,kPa,-0.1278051478
C6,ducharme2022_tremoflo,Fres_5_37,M,17.2,1.85,72,20,11.4444868,3.141192696,19.7477809,11.4444868,Hz,1.69496817
C6,ducharme2022_tremoflo,Fres_7_41,M,17.2,1.85,72,20,12.2148164,3.951819203,20.4778136,12.2148164,Hz,1.549876724
C6,ducharme2022_tremoflo,AX_5_37,M,17.2,1.85,72,3,0.2542761306,0,1.268029141,0.2542761306,kPa,3.248129121
C6,ducharme2022_tremoflo,AX_7_41,M,17.2,1.85,72,3,0.1211527249,0,1.02213111,0.1211527249,kPa,3.434195552
